year,month,CPI,temperature,all sectors,commercial,industrial,date,month_sin,month_cos
2001,1,0.0,0.036282622533418296,0.4160989731107685,0.1804294198264047,0.5299545216022388,2001-01-01,0.75,0.9330127018922194
2001,2,0.0052754938239041324,0.09208572034797367,0.13899010556939784,0.009428962996802293,0.4762112996326744,2001-02-01,0.9330127018922192,0.75
2001,3,0.008290061723277729,0.2514322087842139,0.11712010139270945,0.05688442211055289,0.531922336889977,2001-03-01,1.0,0.5
2001,4,0.013565555547181862,0.4973477615107152,0.009772010427318456,0.0020100502512563345,0.4764299457757564,2001-04-01,0.9330127018922194,0.2500000000000001
2001,5,0.01959469134592906,0.7040101845957989,0.08249679547189381,0.11914116034719058,0.6445251005772255,2001-05-01,0.75,0.06698729810778065
2001,6,0.021855617270459596,0.8402291534054742,0.2662566791007157,0.2687437185929649,0.6083172992828403,2001-06-01,0.5000000000000001,0.0
2001,7,0.01808740739624226,0.9514109908762998,0.4519752855270547,0.3874828688899041,0.5167920237887,2001-07-01,0.2500000000000001,0.06698729810778059
2001,8,0.01808740739624226,0.9475917674517292,0.5700387423847448,0.4508177249885792,0.6751355606087106,2001-08-01,0.06698729810778076,0.24999999999999975
2001,9,0.024116543194989903,0.7651177593889245,0.3088661011334668,0.2878574691640019,0.4929595941927585,2001-09-01,0.0,0.4999999999999999
2001,10,0.01959469134592906,0.5247188627201358,0.1045972376247606,0.15398812243033344,0.5154364177015918,2001-10-01,0.0669872981077807,0.75
2001,11,0.017333765421398972,0.37704222363674944,0.0,0.041571493832800455,0.3741472800419801,2001-11-01,0.24999999999999975,0.9330127018922192
2001,12,0.01205827159749484,0.13749204328453213,0.1121728860916278,0.08195523069894928,0.2939916039881054,2001-12-01,0.4999999999999999,1.0
2002,1,0.015072839496868662,0.10269467430511348,0.27316261719931423,0.11837368661489278,0.3009445513381141,2002-01-01,0.75,0.9330127018922194
2002,2,0.020348333320772797,0.14322087842138764,0.0770094911641439,0.0,0.2930295609585447,2002-02-01,0.9330127018922192,0.75
2002,3,0.027884753069207013,0.2100572883513686,0.1038843201359585,0.047400639561443685,0.3980671680951544,2002-03-01,1.0,0.5
2002,4,0.03542117281764145,0.5060471037555698,0.03537222934339579,0.048752855185016035,0.4107049151652964,2002-04-01,0.9330127018922194,0.2500000000000001
2002,5,0.03542117281764145,0.6291109696583916,0.11730013106159888,0.1466057560529923,0.5729403533321671,2002-05-01,0.75,0.06698729810778065
2002,6,0.03617481479248474,0.8746021642266073,0.3127907479152563,0.2732206486980357,0.5697481196431693,2002-06-01,0.5000000000000001,0.0
2002,7,0.03768209874217154,0.9804795247188628,0.6067071853441448,0.4574691640018274,0.7331205177540667,2002-07-01,0.2500000000000001,0.06698729810778059
2002,8,0.042203950591232164,0.9170379800551668,0.612684170351274,0.4544175422567383,0.7393300682175963,2002-08-01,0.06698729810778076,0.24999999999999975
2002,9,0.04446487651576248,0.7895183534903458,0.4138089957224949,0.36286888990406574,0.5679552212698966,2002-09-01,0.0,0.4999999999999999
2002,10,0.04672580244029279,0.4710375556970083,0.22427376031570007,0.2807126541799909,0.5521252405107573,2002-10-01,0.0669872981077807,0.75
2002,11,0.04672580244029279,0.2616168045830681,0.07201186755577328,0.09399725902238476,0.36505160048976704,2002-11-01,0.24999999999999975,0.9330127018922192
2002,12,0.043711234540918964,0.11542541905368132,0.2407212708654385,0.1480676107811787,0.3541192933356654,2002-12-01,0.4999999999999999,1.0
2003,1,0.049740370339666384,0.06726076808826653,0.3689095963014706,0.3217176793056191,0.41411579499737616,2003-01-01,0.75,0.9330127018922194
2003,2,0.060291357987474425,0.06683640992998086,0.2103178603833913,0.1879945180447693,0.3567867762812664,2003-02-01,0.9330127018922192,0.75
2003,3,0.06858141971075216,0.28983662210905997,0.1543862428528222,0.21249885792599368,0.4547839776106346,2003-03-01,1.0,0.5
2003,4,0.06556685181137856,0.4720984510927222,0.02647156251350213,0.15959798994974886,0.511631974811964,2003-04-01,0.9330127018922194,0.2500000000000001
2003,5,0.06330592588684825,0.6649692340335243,0.11344749614736505,0.27168570123343994,0.5798933006821758,2003-05-01,0.75,0.06698729810778065
2003,6,0.06481320983653505,0.8149798429874815,0.2694396036466811,0.3920694380995888,0.6494665034108795,2003-06-01,0.5000000000000001,0.0
2003,7,0.06632049378622208,0.9724167197114364,0.5845563348839888,0.6264412973960711,0.7160223893650515,2003-07-01,0.2500000000000001,0.06698729810778059
2003,8,0.07159598761012598,0.95523021430087,0.6393573660939322,0.64455002284148,0.8386391464054572,2003-08-01,0.06698729810778076,0.24999999999999975
2003,9,0.07611783945918638,0.7494165075323571,0.38566675788169896,0.466368204659662,0.6263774707014167,2003-09-01,0.0,0.4999999999999999
2003,10,0.07461055550949958,0.5709739019732654,0.17532009275128546,0.3487437185929649,0.6832254679027461,2003-10-01,0.0669872981077807,0.75
2003,11,0.07084234563528248,0.2696796095904944,0.07160139991070524,0.21295568752855187,0.5162672730453033,2003-11-01,0.24999999999999975,0.9330127018922192
2003,12,0.06933506168559568,0.11988117971568002,0.2938228220010657,0.3091640018273185,0.4779604687773306,2003-12-01,0.4999999999999999,1.0
2004,1,0.07611783945918638,0.014852535539995769,0.3947834603142597,0.3349474645957058,0.4138971488542942,2004-01-01,0.75,0.9330127018922194
2004,2,0.08365425920762083,0.08338637810311901,0.2405124364495268,0.23254454088624946,0.3633898898023436,2004-02-01,0.9330127018922192,0.75
2004,3,0.09269796290574206,0.37704222363674944,0.18109544452925846,0.262768387391503,0.523438866538394,2004-03-01,1.0,0.5
2004,4,0.09721981475480268,0.4888605983450032,0.0706940503795026,0.22989492919141166,0.5252317649116667,2004-04-01,0.9330127018922194,0.2500000000000001
2004,5,0.1055098764780802,0.6849140674729473,0.18724525801852127,0.3641480127912289,0.6834878432744445,2004-05-01,0.75,0.06698729810778065
2004,6,0.1100317283271408,0.8158285593040528,0.3941785606267911,0.4965006852444038,0.6722931607486444,2004-06-01,0.5000000000000001,0.0
2004,7,0.10777080240261072,0.9178866963717379,0.5823815764838047,0.6312288716308818,0.7486881231415077,2004-07-01,0.2500000000000001,0.06698729810778059
2004,8,0.108524444377454,0.8597496286866115,0.5609220399521841,0.6121699406121515,0.7907119118418748,2004-08-01,0.06698729810778076,0.24999999999999975
2004,9,0.11153901227682783,0.7642690430723531,0.3998963029107199,0.5234170854271358,0.6411142207451457,2004-09-01,0.0,0.4999999999999999
2004,10,0.11907543202526205,0.5457245915552726,0.20669566344533566,0.39058931018730014,0.6116844498863037,2004-10-01,0.0669872981077807,0.75
2004,11,0.11982907400010555,0.3044769785699131,0.12334912793628396,0.2704796710826862,0.5611771908343535,2004-11-01,0.24999999999999975,0.9330127018922192
2004,12,0.11455358017620165,0.11500106089539575,0.3385709965002233,0.3842667884878941,0.5295172293160748,2004-12-01,0.4999999999999999,1.0
2005,1,0.11756814807557525,0.07956715467854869,0.4035905117163308,0.3638373686614893,0.475948924260976,2005-01-01,0.75,0.9330127018922194
2005,2,0.12585820979885298,0.1761086356885211,0.1906874252876876,0.22486980356327105,0.3313363652265173,2005-02-01,0.9330127018922192,0.75
2005,3,0.13716283942150453,0.2688308932739233,0.2430904613080236,0.3284239378711742,0.5171855868462479,2005-03-01,1.0,0.5
2005,4,0.14696018509446904,0.4801612561001487,0.08017801333659791,0.2464687071722249,0.4823771208675876,2005-04-01,0.9330127018922194,0.2500000000000001
2005,5,0.14545290114478227,0.6348398047952473,0.1473794881396453,0.3426404751027867,0.6338114395662058,2005-05-01,0.75,0.06698729810778065
2005,6,0.14620654311962555,0.8395926161680458,0.4777771376722886,0.6057560529922341,0.7291848871785902,2005-06-01,0.5000000000000001,0.0
2005,7,0.15298932089321648,0.969021854445152,0.7379776187115639,0.7507720420283235,0.7446213048801815,2005-07-01,0.2500000000000001,0.06698729810778059
2005,8,0.16052574064165093,0.9242520687460218,0.7886019616032722,0.7946094106898127,0.8386391464054572,2005-08-01,0.06698729810778076,0.24999999999999975
2005,9,0.1786131480378932,0.8005516656057714,0.5608932352051619,0.6499040657834629,0.6952072765436417,2005-09-01,0.0,0.4999999999999999
2005,10,0.1816277159372668,0.5461489497135583,0.32111531980470365,0.5029328460484239,0.6339863564806714,2005-10-01,0.0669872981077807,0.75
2005,11,0.16956944433977195,0.3261192446424782,0.1551927757694469,0.3261397898583829,0.5314850446038131,2005-11-01,0.24999999999999975,0.9330127018922192
2005,12,0.16354030854102453,0.06492679821769576,0.3910892515086488,0.4126084970306077,0.5079587196081858,2005-12-01,0.4999999999999999,1.0
2006,1,0.17484493816367608,0.19711436452365794,0.37325191191508345,0.38340794883508456,0.4594630050725903,2006-01-01,0.75,0.9330127018922194
2006,2,0.17785950606304968,0.11012094207511136,0.20171964339723192,0.26974874371859303,0.3869599440265872,2006-02-01,0.9330127018922192,0.75
2006,3,0.18614956778632766,0.2754084447273498,0.2659830340040037,0.3684604842393788,0.5206401959069442,2006-03-01,1.0,0.5
2006,4,0.19896148135866576,0.5436028007638447,0.10927080782913023,0.2850616719963455,0.4520727654364176,2006-04-01,0.9330127018922194,0.2500000000000001
2006,5,0.2064979011071,0.6925525143220879,0.2460213443175434,0.4658017359524898,0.6481108973237713,2006-05-01,0.75,0.06698729810778065
2006,6,0.2095124690064738,0.8722681943560366,0.4954848559042528,0.6365280950205574,0.6678327794297707,2006-06-01,0.5000000000000001,0.0
2006,7,0.2140343208555344,0.9923615531508594,0.7874713752826465,0.8148012791228871,0.7662235438166869,2006-07-01,0.2500000000000001,0.06698729810778059
2006,8,0.21704888875490824,0.9284956503288776,0.8324571889447381,0.8534307903152123,0.8276631100227392,2006-08-01,0.06698729810778076,0.24999999999999975
2006,9,0.2095124690064738,0.7141947803946531,0.4626618466723318,0.6081315669255369,0.6562008046178063,2006-09-01,0.0,0.4999999999999999
2006,10,0.20122240728319607,0.4869509866327182,0.274739677098786,0.5125445408862495,0.6112908868287561,2006-10-01,0.0669872981077807,0.75
2006,11,0.19896148135866576,0.30638659028219817,0.17389425777368106,0.36825947921425306,0.4064631799895047,2006-11-01,0.24999999999999975,0.9330127018922192
2006,12,0.20122240728319607,0.14704010184595806,0.3390678783863581,0.4334764732754683,0.3751530523001572,2006-12-01,0.4999999999999999,1.0
2007,1,0.2058648418482316,0.036282622533418296,0.446977661918684,0.4699132023755139,0.4821584747245056,2007-01-01,0.75,0.9330127018922194
2007,2,0.21402678443578596,0.058773604922554575,0.3477957167341177,0.3619004111466424,0.3075913940878081,2007-02-01,0.9330127018922192,0.75
2007,3,0.2279917702296348,0.3823467006153194,0.2781530396209295,0.3963270899954317,0.4908168619905542,2007-03-01,1.0,0.5
2007,4,0.2380453541740461,0.4434542754084447,0.16063687295666318,0.3672910004568297,0.5248819310827355,2007-04-01,0.9330127018922194,0.2500000000000001
2007,5,0.24756385231631886,0.6936134097178017,0.2863623925222878,0.504486066697122,0.6945513381143953,2007-05-01,0.75,0.06698729810778065
2007,6,0.2506010294749377,0.8535964353914705,0.5038886408480117,0.6651621745089082,0.7090257127864263,2007-06-01,0.5000000000000001,0.0
2007,7,0.2502015992282707,0.9560789306174412,0.7172958103495455,0.7852352672453176,0.7722144481371345,2007-07-01,0.2500000000000001,0.06698729810778059
2007,8,0.2473226868843688,0.9548058561425844,0.8665260034853743,0.9049611694837828,0.9076875983907646,2007-08-01,0.06698729810778076,0.24999999999999975
2007,9,0.2516410554002217,0.7806068321663486,0.6084354701654833,0.7116857012334399,0.7027287038656636,2007-09-01,0.0,0.4999999999999999
2007,10,0.25500229860802337,0.5737322300021219,0.3942577736811026,0.6126998629511191,0.7669232114745492,2007-10-01,0.0669872981077807,0.75
2007,11,0.2643549955158302,0.3049013367281985,0.2395474774242794,0.4321973503883052,0.6017141857617632,2007-11-01,0.24999999999999975,0.9330127018922192
2007,12,0.2632923603313011,0.07596011033312111,0.3936888799274121,0.4560621288259479,0.5407993702991076,2007-12-01,0.4999999999999999,1.0
2008,1,0.2711603825486666,0.013367281985996128,0.5269900479599039,0.5136592051164917,0.5130750393563055,2008-01-01,0.75,0.9330127018922194
2008,2,0.2757802078544567,0.10736261404625512,0.3749009836821109,0.4284330744632252,0.442802168969739,2008-02-01,0.9330127018922192,0.75
2008,3,0.28960953809283363,0.25928283471249736,0.2995045583512164,0.4090269529465509,0.5308728354031835,2008-03-01,1.0,0.5
2008,4,0.29936920166705616,0.4404837683004457,0.17951838462978675,0.3752581087254454,0.5395312226692321,2008-04-01,0.9330127018922194,0.2500000000000001
2008,5,0.3130025849919737,0.6305962232123914,0.25378422364005604,0.4846413887619918,0.7261238411754416,2008-05-01,0.75,0.06698729810778065
2008,6,0.3294545893028058,0.8478676002546148,0.5441072688779112,0.7020922795797166,0.6938079412279166,2008-06-01,0.5000000000000001,0.0
2008,7,0.338113935593757,0.9429238277105878,0.7733570492417152,0.8610507080858838,0.7507871261150951,2008-07-01,0.2500000000000001,0.06698729810778059
2008,8,0.3314969590546317,0.9047315934648844,0.7116356775596617,0.7902238465052536,0.7518803568305055,2008-08-01,0.06698729810778076,0.24999999999999975
2008,9,0.32921342387085595,0.7547209845109271,0.4959601342301212,0.682284148012791,0.6363477348259576,2008-09-01,0.0,0.4999999999999999
2008,10,0.3125579362268163,0.5164438786335668,0.2788875606699983,0.5463499314755595,0.5599965016617103,2008-10-01,0.0669872981077807,0.75
2008,11,0.28129686711031066,0.30299172501591354,0.18216122016908387,0.39221562357240747,0.35774881931082714,2008-11-01,0.24999999999999975,0.9330127018922192
2008,12,0.26473935292300044,0.04731593464884365,0.4024167182751717,0.4793969849246231,0.19726255028861275,2008-12-01,0.4999999999999999,1.0
2009,1,0.2716351769928178,0.029917250159134382,0.4939293995650485,0.5242941982640477,0.15851845373447615,2009-01-01,0.75,0.9330127018922194
2009,2,0.279548417728674,0.15128368342881404,0.2392018204600117,0.3300137048880767,0.0,2009-02-01,0.9330127018922192,0.75
2009,3,0.28343721031886604,0.28071292170591977,0.22160932121613647,0.3930013704888078,0.12301032009795332,2009-03-01,1.0,0.5
2009,4,0.28743904920528474,0.4515170804158711,0.08951075137182607,0.3445043398812244,0.08995102326394955,2009-04-01,0.9330127018922194,0.2500000000000001
2009,5,0.2920814837703201,0.6791852323360916,0.1601687958175506,0.44332571950662397,0.16586496414203244,2009-05-01,0.75,0.06698729810778065
2009,6,0.30592588684819394,0.8253766178654787,0.3779614880532314,0.6191137505710369,0.18904145530872807,2009-06-01,0.5000000000000001,0.0
2009,7,0.3033484312942294,0.9121578612348822,0.610977489090202,0.7377249885792598,0.3075476648591917,2009-07-01,0.2500000000000001,0.06698729810778059
2009,8,0.3069885220327231,0.8964566093783153,0.6611481572163094,0.7825673823663775,0.4740685674304706,2009-08-01,0.06698729810778076,0.24999999999999975
2009,9,0.3080059386987617,0.7795459367706343,0.4142770728616074,0.6203563270899957,0.371917089382543,2009-09-01,0.0,0.4999999999999999
2009,10,0.3095735140064362,0.4426055590918736,0.245430847003586,0.5036637734125171,0.3539006471925834,2009-10-01,0.0669872981077807,0.75
2009,11,0.3107265862279467,0.34373010821133043,0.1089107484913514,0.3280036546368206,0.187204827706839,2009-11-01,0.24999999999999975,0.9330127018922192
2009,12,0.3078552103037933,0.0,0.4123183500640904,0.5030059387848334,0.2517491691446563,2009-12-01,0.4999999999999999,1.0
2010,1,0.3134170880781377,0.02185444515170809,0.5677775697434939,0.4964824120603015,0.18326919713136247,2010-01-01,0.75,0.9330127018922194
2010,2,0.3138240547445532,0.04583068109484412,0.3271211095588551,0.3617359524897215,0.12388490467028125,2010-02-01,0.9330127018922192,0.75
2010,3,0.3205314683206597,0.29556545724591554,0.28428124954992584,0.3800822293284605,0.3043991603988103,2010-03-01,1.0,0.5
2010,4,0.3233802349855677,0.5007426267769999,0.10094623593968287,0.3442485153037917,0.31756165821234905,2010-04-01,0.9330127018922194,0.2500000000000001
2010,5,0.3246538899230531,0.6416295353278167,0.221040427462446,0.4608679762448606,0.4703515829980756,2010-05-01,0.75,0.06698729810778065
2010,6,0.3230486325166366,0.8665393592191809,0.5606771996024944,0.7023115577889447,0.5248382018541191,2010-06-01,0.5000000000000001,0.0
2010,7,0.32339530782506465,0.9562911096965838,0.8352224446588796,0.8583462768387391,0.6290886828756337,2010-07-01,0.2500000000000001,0.06698729810778059
2010,8,0.32566377016934345,0.9422872904731594,0.8550329094234728,0.8810415714938329,0.7245495889452509,2010-08-01,0.06698729810778076,0.24999999999999975
2010,9,0.3266208954773946,0.7818799066412052,0.5379862601356702,0.6977798081315671,0.5261500787126114,2010-09-01,0.0,0.4999999999999999
2010,10,0.3286708016489688,0.5622745597284109,0.2506445062146241,0.5026952946550938,0.4689085184537345,2010-10-01,0.0669872981077807,0.75
2010,11,0.3293641522658246,0.2688308932739233,0.1574611495974536,0.37584285061672,0.3610285114570577,2010-11-01,0.24999999999999975,0.9330127018922192
2010,12,0.33219784609123604,0.06004667939741137,0.4753791424826812,0.4947464595705802,0.3915952422599265,2010-12-01,0.4999999999999999,1.0
2011,1,0.3400658683086015,0.0014852535539996436,0.5838866245157204,0.4988579259936044,0.3819748119643167,2011-01-01,0.75,0.9330127018922194
2011,2,0.3482504201554013,0.0721408869085508,0.3159088617804213,0.3443581544084058,0.2187773307678853,2011-02-01,0.9330127018922192,0.75
2011,3,0.3645140139725223,0.2849565032887757,0.2809759048291156,0.4258748286888992,0.4745058597166345,2011-03-01,1.0,0.5
2011,4,0.37535892199051935,0.473583704646722,0.15965031037114907,0.3573321151210598,0.3939566206052123,2011-04-01,0.9330127018922194,0.2500000000000001
2011,5,0.383332454084363,0.6257161043921071,0.2517462877882275,0.4874189127455459,0.4680339338814061,2011-05-01,0.75,0.06698729810778065
2011,6,0.3815086405052417,0.8525355399957564,0.5449354053548026,0.680109639104614,0.5489767360503759,2011-06-01,0.5000000000000001,0.0
2011,7,0.3830159244549285,0.9866327180140041,0.8472772312877164,0.8609227957971677,0.6948137134860941,2011-07-01,0.2500000000000001,0.06698729810778059
2011,8,0.38771111395820296,0.9624443029917252,0.8618812380280272,0.8847327546825032,0.7709025712786426,2011-08-01,0.06698729810778076,0.24999999999999975
2011,9,0.3903036423516646,0.7733927434754935,0.5272204859360821,0.6761078117862036,0.5940615707538917,2011-09-01,0.0,0.4999999999999999
2011,10,0.3867765979093971,0.5399957564184172,0.2527544539340083,0.506148926450434,0.5651565506384464,2011-10-01,0.0669872981077807,0.75
2011,11,0.3853371417374463,0.299384680670486,0.15987354716057212,0.35817268158976706,0.416039881056498,2011-11-01,0.24999999999999975,0.9330127018922192
2011,12,0.38113181951782,0.1222151495862508,0.351489925539729,0.437003197807218,0.3771208675878954,2011-12-01,0.4999999999999999,1.0
2012,1,0.3886154843280152,0.13749204328453213,0.4172439618049053,0.4438190954773871,0.3431432569529473,2012-01-01,0.75,0.9330127018922194
2012,2,0.3961368312369527,0.16698493528538086,0.2444730891650944,0.3495477386934673,0.30348084659786606,2012-02-01,0.9330127018922192,0.75
2012,3,0.4091673009819956,0.4406959473795884,0.22105482983595715,0.39329374143444507,0.4346685324470876,2012-03-01,1.0,0.5
2012,4,0.4143900398676605,0.5312964141735625,0.12764823642936365,0.36703517587939705,0.4229490991778904,2012-04-01,0.9330127018922194,0.2500000000000001
2012,5,0.4123552065355833,0.7173774665817951,0.3163769389195339,0.5454362722704431,0.5824733251705436,2012-05-01,0.75,0.06698729810778065
2012,6,0.40981543308036095,0.8678124336940379,0.5193927959327695,0.6771676564641389,0.5361640720657688,2012-06-01,0.5000000000000001,0.0
2012,7,0.4069968120944465,1.0,0.8492287528984777,0.8695111923252625,0.6935892950848346,2012-07-01,0.2500000000000001,0.06698729810778059
2012,8,0.41660574727370014,0.9369828134945896,0.804739821122521,0.861671996345363,0.7323333916389712,2012-08-01,0.06698729810778076,0.24999999999999975
2012,9,0.4243531867750907,0.778060683216635,0.468480405570838,0.6511466423024213,0.4679902046527897,2012-09-01,0.0,0.4999999999999999
2012,10,0.4236749089977317,0.5145342669212816,0.2714919418720203,0.5394243947007764,0.508920762637747,2012-10-01,0.0669872981077807,0.75
2012,11,0.4154149929534477,0.3049013367281985,0.18131148013192555,0.37807217907720414,0.3274881931082736,2012-11-01,0.24999999999999975,0.9330127018922192
2012,12,0.4107424127094184,0.13324846170167626,0.31868131868131866,0.4234079488350846,0.306192058772083,2012-12-01,0.4999999999999999,1.0
2013,1,0.4158596417186051,0.05537873965626994,0.4871530828280501,0.4893193238921882,0.3999912541542767,2013-01-01,0.75,0.9330127018922194
2013,2,0.4300733293641523,0.10884786760025468,0.2768568260049256,0.366651439013248,0.2332517054399159,2013-02-01,0.9330127018922192,0.75
2013,3,0.4346479361514519,0.23912582219393164,0.318234845102473,0.421379625399726,0.398635648067168,2013-03-01,1.0,0.5
2013,4,0.4328241225723308,0.4252068746021642,0.17821496982702745,0.3735769757880312,0.3873535070841347,2013-04-01,0.9330127018922194,0.2500000000000001
2013,5,0.4359442003481826,0.6622109060046679,0.26186395517981365,0.5067519415258108,0.592050026237537,2013-05-01,0.75,0.06698729810778065
2013,6,0.4401570589875574,0.8646297475068958,0.4836821108118616,0.6662220191868431,0.5602588770334092,2013-06-01,0.5000000000000001,0.0
2013,7,0.4408504096044135,0.945682155739444,0.7609278009015885,0.8471448149840111,0.6790711911841871,2013-07-01,0.2500000000000001,0.06698729810778059
2013,8,0.4429681435537234,0.9197963080840228,0.7240505235262773,0.842613065326633,0.7192583522826657,2013-08-01,0.06698729810778076,0.24999999999999975
2013,9,0.4450180497252976,0.7918523233609165,0.5072803998098887,0.6844586569209685,0.5101889102676229,2013-09-01,0.0,0.4999999999999999
2013,10,0.4404735886169915,0.5049862083598557,0.29766825572854416,0.5656646870717221,0.5082210949798842,2013-10-01,0.0669872981077807,0.75
2013,11,0.4368787163969885,0.2539783577339274,0.20494577506373068,0.409922338967565,0.3618156375721529,2013-11-01,0.24999999999999975,0.9330127018922192
2013,12,0.43672798800201984,0.030129429238277106,0.4568504889605809,0.5081955230698949,0.2933793947874759,2013-12-01,0.4999999999999999,1.0
2014,1,0.4432620639239124,0.01952047528113721,0.6351734765889419,0.6014618547281865,0.38442364876683577,2014-01-01,0.75,0.9330127018922194
2014,2,0.449781067006308,0.05283259070655644,0.4025967479440611,0.4276290543627228,0.17732202203953085,2014-02-01,0.9330127018922192,0.75
2014,3,0.4611761336659408,0.23063865902821976,0.3554073711347632,0.4754134307903153,0.4014780479272342,2014-03-01,1.0,0.5
2014,4,0.4670470046499711,0.4678548695098663,0.16461912923249744,0.3930196436729101,0.3999912541542767,2014-04-01,0.9330127018922194,0.2500000000000001
2014,5,0.4732871602016746,0.6711224273286656,0.2764319559863464,0.524714481498401,0.6133024313451108,2014-05-01,0.75,0.06698729810778065
2014,6,0.47662579415023104,0.8474432420963294,0.5023403856955626,0.6847327546825035,0.6276456183312926,2014-06-01,0.5000000000000001,0.0
2014,7,0.4759249071136266,0.9261616804583069,0.7092448835568101,0.8128460484239377,0.7459769109672902,2014-07-01,0.2500000000000001,0.06698729810778059
2014,8,0.4729254120537498,0.904095056227456,0.7118301096020623,0.8159342165372316,0.806804267972713,2014-08-01,0.06698729810778076,0.24999999999999975
2014,9,0.4742744311887195,0.7757267133460641,0.5319732691947634,0.7144449520328919,0.6179377295784501,2014-09-01,0.0,0.4999999999999999
2014,10,0.4697676521791558,0.5790367069806917,0.3143029971339277,0.5860575605299223,0.5962917614133283,2014-10-01,0.0669872981077807,0.75
2014,11,0.4601059620616632,0.20390409505622745,0.23316722595883801,0.4256555504796711,0.4235613083785199,2014-11-01,0.24999999999999975,0.9330127018922192
2014,12,0.4500146960185096,0.15213239974538514,0.407486353751098,0.4955504796710828,0.383286688822809,2014-12-01,0.4999999999999999,1.0
2015,1,0.4416869521964895,0.07298960322512194,0.5518413434534011,0.5604202832343534,0.3608098653139757,2015-01-01,0.75,0.9330127018922194
2015,2,0.44933641824115056,0.07107999151283684,0.38694856912419184,0.4482594792142531,0.2357442714710509,2015-02-01,0.9330127018922192,0.75
2015,3,0.4598647966297134,0.3341820496499045,0.3767516886782942,0.4905436272270442,0.3651827881756162,2015-03-01,1.0,0.5
2015,4,0.4634822781089616,0.5007426267769999,0.16160183198191058,0.4242485153037918,0.3992915864964139,2015-04-01,0.9330127018922194,0.2500000000000001
2015,5,0.4725712003255733,0.6619987269255252,0.25245200409027396,0.5199634536317954,0.5054224243484344,2015-05-01,0.75,0.06698729810778065
2015,6,0.4788490379760193,0.8854232972628899,0.528300663949419,0.7002101416171769,0.6498163372398107,2015-06-01,0.5000000000000001,0.0
2015,7,0.478969620691994,0.9395289624443032,0.7914392291849695,0.8689447236180903,0.7166783277942974,2015-07-01,0.2500000000000001,0.06698729810778059
2015,8,0.4764223108170234,0.918947591767452,0.7849149539844167,0.8692188213796253,0.7440528249081684,2015-08-01,0.06698729810778076,0.24999999999999975
2015,9,0.4736262990903541,0.8253766178654787,0.5755476502527614,0.7536592051164916,0.5847472450585971,2015-09-01,0.0,0.4999999999999999
2015,10,0.4728199021772717,0.5856142584341184,0.30980225541169193,0.5823663773412515,0.5199842574776978,2015-10-01,0.0669872981077807,0.75
2015,11,0.4690366194635578,0.31741990239762363,0.16478475652787572,0.4237368661489265,0.3120955046352982,2015-11-01,0.24999999999999975,0.9330127018922192
2015,12,0.4629245830475774,0.1913855293868024,0.3190845851396309,0.4728734582000913,0.3002448836802518,2015-12-01,0.4999999999999999,1.0
2016,1,0.4658713231692153,0.054742202418841535,0.4886437284864546,0.5383097304705347,0.32753192233689005,2016-01-01,0.75,0.9330127018922194
2016,2,0.4673409250201599,0.20857203479736894,0.3152103466651306,0.4111649154865236,0.2357005422424345,2016-02-01,0.9330127018922192,0.75
2016,3,0.4750356095833115,0.37895183534903465,0.2360404994743133,0.4529556875285519,0.344542592268672,2016-03-01,1.0,0.5
2016,4,0.4835442274792936,0.4996817313812858,0.11879797790675894,0.3854545454545455,0.3187423473849917,2016-04-01,0.9330127018922194,0.2500000000000001
2016,5,0.4908394817957782,0.6511775938892426,0.2280903892961559,0.5022567382366379,0.4431082735700542,2016-05-01,0.75,0.06698729810778065
2016,6,0.4967857169772929,0.8936982813494592,0.5533679950455836,0.7201827318410232,0.5384817211824382,2016-06-01,0.5000000000000001,0.0
2016,7,0.4938465132754033,0.9671122427328668,0.8579349876859708,0.8969757880310643,0.6873360153926882,2016-07-01,0.2500000000000001,0.06698729810778059
2016,8,0.4955120620398072,0.9312539783577339,0.922889692221278,0.9879945180447692,0.7758877033409131,2016-08-01,0.06698729810778076,0.24999999999999975
2016,9,0.4998756490741509,0.7952471886272015,0.6028689528034221,0.7773777980813157,0.5204215497638618,2016-09-01,0.0,0.4999999999999999
2016,10,0.5021441114184297,0.5957988542329726,0.3143101983206831,0.5849611694837824,0.4477435718033931,2016-10-01,0.0669872981077807,0.75
2016,11,0.4993104175930183,0.3889242520687459,0.17486641798568406,0.4405481955230699,0.30885954171768404,2016-11-01,0.24999999999999975,0.9330127018922192
2016,12,0.4999057947531445,0.07023127519626571,0.4154220615557441,0.5339607126541801,0.3173867412978835,2016-12-01,0.4999999999999999,1.0
2017,1,0.5105095373391919,0.08338637810311901,0.4691069088185731,0.5214618547281864,0.3258264824208501,2017-01-01,0.75,0.9330127018922194
2017,2,0.5162673620269955,0.24485465733078715,0.1637765903820949,0.3415075376884422,0.13888403008570904,2017-02-01,0.9330127018922192,0.75
2017,3,0.5177595731371853,0.3503076596647571,0.2765975832817247,0.4791594335312928,0.4010844848696866,2017-03-01,1.0,0.5
2017,4,0.5232084046153036,0.5126246552089964,0.14234585859749682,0.3953951576062129,0.32976211299632663,2017-04-01,0.9330127018922194,0.2500000000000001
2017,5,0.5247835163427264,0.6562698917886698,0.2796724900263563,0.528478757423481,0.5149553961868111,2017-05-01,0.75,0.06698729810778065
2017,6,0.5264566015268788,0.8639932102694674,0.5440424581971108,0.7137871174052077,0.6140020990029735,2017-06-01,0.5000000000000001,0.0
2017,7,0.5251829465893934,0.9772968385317208,0.8251047772672935,0.8830698949291915,0.7192583522826657,2017-07-01,0.2500000000000001,0.06698729810778059
2017,8,0.5307071422649956,0.8990027583280291,0.7721760546138003,0.8685244403837369,0.7773307678852541,2017-08-01,0.06698729810778076,0.24999999999999975
2017,9,0.5405044879379601,0.7772119669000637,0.4946639206141173,0.6914207400639563,0.5327094630050726,2017-09-01,0.0,0.4999999999999999
2017,10,0.5393288064572046,0.5527265011669849,0.3348911900681231,0.5908816811329376,0.5010057722581771,2017-10-01,0.0669872981077807,0.75
2017,11,0.5393740249756951,0.3265436028007639,0.2182895741218152,0.4389584285061672,0.3541192933356654,2017-11-01,0.24999999999999975,0.9330127018922192
2017,12,0.538281244112172,0.09866327180140033,0.426180634568577,0.5181361352215623,0.3884904670281615,2017-12-01,0.4999999999999999,1.0
2018,1,0.5484026558343194,0.05346912794398462,0.6585053216770123,0.6208131566925537,0.3730977785551861,2018-01-01,0.75,0.9330127018922194
2018,2,0.5568735916315597,0.12454911945682155,0.2858727118229083,0.39714938328003657,0.18816687073640012,2018-02-01,0.9330127018922192,0.75
2018,3,0.561116595949928,0.2777424145979206,0.3166001757089567,0.4962448606669712,0.4239548714360679,2018-03-01,1.0,0.5
2018,4,0.5685927243403748,0.4114152344578825,0.18315498394135354,0.4089538602101417,0.3378082910617457,2018-04-01,0.9330127018922194,0.2500000000000001
2018,5,0.5764456737182435,0.7612985359643538,0.3616003917445594,0.5888350845134767,0.6244533846422948,2018-05-01,0.75,0.06698729810778065
2018,6,0.5794677780373656,0.8892425206874601,0.6124537323750954,0.7502969392416627,0.6199930033234211,2018-06-01,0.5000000000000001,0.0
2018,7,0.579595897173089,0.9719923615531508,0.8784655711261216,0.9240931932389218,0.7846335490641945,2018-07-01,0.2500000000000001,0.06698729810778059
2018,8,0.5806509959378696,0.9308296201994486,0.9224504198291876,0.9848698035632708,0.9072940353332166,2018-08-01,0.06698729810778076,0.24999999999999975
2018,9,0.5828591669241611,0.8039465308720561,0.6065487592355219,0.7506989492919143,0.6262462830155675,2018-09-01,0.0,0.4999999999999999
2018,10,0.5862204101319626,0.5107150434967114,0.4038425532527759,0.6428871630881683,0.6097166345985654,2018-10-01,0.0669872981077807,0.75
2018,11,0.5798370626050391,0.22002970507108,0.26985007129174865,0.4391411603471904,0.4267972712961341,2018-11-01,0.24999999999999975,0.9330127018922192
2018,12,0.5737702447075492,0.12454911945682155,0.42563334437515293,0.494234810415715,0.3912891376596117,2018-12-01,0.4999999999999999,1.0
2019,1,0.5773801897670492,0.061956291109696686,0.544229689052756,0.5675833714024671,0.4920412803918137,2019-01-01,0.75,0.9330127018922194
2019,2,0.5853989403793836,0.04667939741141525,0.3079515504155086,0.38592964824120596,0.22253804442889624,2019-02-01,0.9330127018922192,0.75
2019,3,0.5961458749406507,0.2257585402079355,0.3515547362205289,0.4845500228414801,0.4257040405807242,2019-03-01,1.0,0.5
2019,4,0.6062898959220433,0.4922554636112882,0.15025996284187634,0.3927820922795797,0.39802343886653796,2019-04-01,0.9330127018922194,0.2500000000000001
2019,5,0.6103897082651915,0.6333545512412477,0.3151815419181079,0.5527638190954773,0.5817299282840649,2019-05-01,0.75,0.06698729810778065
2019,6,0.6107740656723615,0.8291958412900489,0.4927628073106447,0.635797167656464,0.5962043029560955,2019-06-01,0.5000000000000001,0.0
2019,7,0.6139996533246919,0.9543814979842988,0.8861852433281003,0.9136592051164912,0.848084659786601,2019-07-01,0.2500000000000001,0.06698729810778059
2019,8,0.613901679867962,0.9357097390197326,0.8608298647617125,0.9104613978985836,0.8616407206576873,2019-08-01,0.06698729810778076,0.24999999999999975
2019,9,0.6154165002373975,0.8230426479949079,0.6295925568533696,0.7511740520785746,0.6472800419800593,2019-09-01,0.0,0.4999999999999999
2019,10,0.6198403786297282,0.4754933163590069,0.39755591721515693,0.6277569666514391,0.5701416827007169,2019-10-01,0.0669872981077807,0.75
2019,11,0.6188003527044446,0.2433694037767876,0.23402416718275165,0.3999817268158976,0.3615095329718381,2019-11-01,0.24999999999999975,0.9330127018922192
2019,12,0.6170368304833105,0.14406959473795888,0.4089481946624802,0.494289629968022,0.3820622704215495,2019-12-01,0.4999999999999999,1.0
2020,1,0.6245506409724997,0.1253978357733927,0.4500669710368268,0.5273823663773411,0.4045390939303828,2020-01-01,0.75,0.9330127018922194
2020,2,0.6298788897346428,0.13876511775938893,0.2997493987009061,0.40317953403380535,0.3299370299107922,2020-02-01,0.9330127018922192,0.75
2020,3,0.6256358854162742,0.34882240611075743,0.2654357438105801,0.4231886706258565,0.4186199055448657,2020-03-01,1.0,0.5
2020,4,0.6126280249304767,0.4506683640992999,0.0674535163394927,0.1910461397898584,0.06266398460731137,2020-04-01,0.9330127018922194,0.2500000000000001
2020,5,0.6126657070292187,0.6634839804795247,0.15607132055362727,0.24391046139789865,0.12747070141682704,2020-05-01,0.75,0.06698729810778065
2020,6,0.6232393039362722,0.8625079567154681,0.4826379387323032,0.5233805390589312,0.30990904320447754,2020-06-01,0.5000000000000001,0.0
2020,7,0.6330667952882305,0.976235943136007,0.9109213198335084,0.8434170854271357,0.5859716634598562,2020-07-01,0.2500000000000001,0.06698729810778059
2020,8,0.6392240502227013,0.9562911096965838,0.834264686820388,0.7694106898127,0.6562882630750391,2020-08-01,0.06698729810778076,0.24999999999999975
2020,9,0.6419522341716342,0.7695735200509229,0.5006337044344906,0.5896573777980811,0.42063145006122094,2020-09-01,0.0,0.4999999999999999
2020,10,0.6427661675044651,0.5228092510078506,0.31572163092477656,0.5028232069438099,0.4815899947524924,2020-10-01,0.0669872981077807,0.75
2020,11,0.6415678767644646,0.3537025249310418,0.17437673728630476,0.3096573777980813,0.34148154626552385,2020-11-01,0.24999999999999975,0.9330127018922192
2020,12,0.6434142996028307,0.12879270103967755,0.44860513012544456,0.4477843764275926,0.3556935455658561,2020-12-01,0.4999999999999999,1.0
2021,1,0.6517646526840959,0.10502864417568436,0.4930076476603345,0.4302786660575606,0.3669756865488889,2021-01-01,0.75,0.9330127018922194
2021,2,0.662556805763854,0.020581370676851285,0.3360361787622599,0.3180447693010509,0.1262462830155675,2021-02-01,0.9330127018922192,0.75
2021,3,0.6765971557551871,0.3369403776787609,0.30468941281523176,0.4006578346276839,0.2708588420500262,2021-03-01,1.0,0.5
2021,4,0.6930039415475289,0.4716740929344368,0.1421874324888741,0.3247144814984011,0.3630837852020288,2021-04-01,0.9330127018922194,0.2500000000000001
2021,5,0.7091394162289264,0.6516019520475282,0.26663834199876146,0.4341708542713567,0.5398373272695469,2021-05-01,0.75,0.06698729810778065
2021,6,0.7279880020197607,0.9113091449183112,0.6148445263779471,0.6962448606669711,0.6709812838901521,2021-06-01,0.5000000000000001,0.0
2021,7,0.7378381026309642,0.9713558243157224,0.8707242953638759,0.8571037003197808,0.8612034283715233,2021-07-01,0.2500000000000001,0.06698729810778059
2021,8,0.7420886433690809,0.94080203691916,0.9217879106476744,0.916582914572864,0.8841175441665206,2021-08-01,0.06698729810778076,0.24999999999999975
2021,9,0.7476882032421677,0.8096753660089115,0.6006509872827042,0.695075376884422,0.6322809165646315,2021-09-01,0.0,0.4999999999999999
2021,10,0.7648637038488495,0.5798854232972629,0.3535278613915571,0.5718592964824123,0.6121217421724681,2021-10-01,0.0669872981077807,0.75
2021,11,0.7751056982869717,0.327392319117335,0.24556046836518666,0.41215166742804943,0.4891988805317471,2021-11-01,0.24999999999999975,0.9330127018922192
2021,12,0.7815418007521351,0.20581370676851274,0.3914061037258938,0.4671539515760621,0.49400909567955203,2021-12-01,0.4999999999999999,1.0
2022,1,0.7992222414819619,0.03246339910884788,0.6165800123860412,0.5966925536774785,0.5520377820535245,2022-01-01,0.75,0.9330127018922194
2022,2,0.8185757673959411,0.0852959898154041,0.380431495110394,0.4040566468707172,0.2420412803918137,2022-02-01,0.9330127018922192,0.75
2022,3,0.8471237254030104,0.30681094844048384,0.3691760402114268,0.5052900867976244,0.538787825782753,2022-03-01,1.0,0.5
2022,4,0.8592196790992479,0.44621260343730107,0.22971065631616105,0.4315212425765189,0.483820185411929,2022-04-01,0.9330127018922194,0.2500000000000001
2022,5,0.8832382488375075,0.6851262465520899,0.4080408451312778,0.585765189584285,0.6442189959769107,2022-05-01,0.75,0.06698729810778065
2022,6,0.913496974127471,0.8735412688308934,0.6774300404706695,0.7421836455002286,0.7590519503235962,2022-06-01,0.5000000000000001,0.0
2022,7,0.913233199436276,0.992573732230002,0.9806576123745192,0.9684970306075832,0.8335665558859541,2022-07-01,0.2500000000000001,0.06698729810778059
2022,8,0.9124418753626902,0.954169318905156,0.9836245013178172,1.0,0.9526412454084312,2022-08-01,0.06698729810778076,0.24999999999999975
2022,9,0.9172425747424428,0.8147676639083388,0.6301758529805712,0.7902055733211513,0.6643344411404581,2022-09-01,0.0,0.4999999999999999
2022,10,0.9263164241195576,0.5423297262889879,0.31801880949980554,0.5646413887619919,0.5972975336715058,2022-10-01,0.0669872981077807,0.75
2022,11,0.9240479617752791,0.2401867175896457,0.2824593493007648,0.473403380539059,0.4522914115794996,2022-11-01,0.24999999999999975,0.9330127018922192
2022,12,0.9171596741252102,0.07383831954169318,0.5382311004853599,0.6026130653266333,0.4588945251005772,2022-12-01,0.4999999999999999,1.0
