year,month,CPI,temperature,GDP,population,urbanization_rate,INDPRO,all sectors,commercial,industrial,residential,date,month_sin,month_cos
2001,1,0.0,0.036282622533418296,0.0,0.0,0.0,0.37358223788690736,0.4160989731107685,0.1804294198264047,0.5299545216022388,0.5360192813524758,2001-01-01,0.75,0.9330127018922194
2001,2,0.005275493823904132,0.09208572034797369,0.0,0.0,0.0,0.3429063226811202,0.13899010556939784,0.009428962996802293,0.4762112996326744,0.22098237563875278,2001-02-01,0.9330127018922193,0.75
2001,3,0.00829006172327773,0.2514322087842139,0.0,0.0,0.0,0.3306677185684572,0.11712010139270945,0.05688442211055289,0.531922336889977,0.13902504026604556,2001-03-01,1.0,0.5
2001,4,0.013565555547181862,0.49734776151071514,0.0,0.0,0.0,0.31410538826446466,0.009772010427318456,0.0020100502512563345,0.47642994577575637,0.01908436750443221,2001-04-01,0.9330127018922194,0.2500000000000001
2001,5,0.01959469134592906,0.7040101845957989,0.0,0.0,0.0,0.2899457997356585,0.08249679547189381,0.11914116034719058,0.6445251005772255,0.010706712552577602,2001-05-01,0.75,0.06698729810778065
2001,6,0.021855617270459593,0.8402291534054742,0.0,0.0,0.0,0.2648435979139565,0.2662566791007157,0.26874371859296486,0.6083172992828403,0.21552473320123755,2001-06-01,0.5000000000000001,0.0
2001,7,0.01808740739624226,0.9514109908762998,0.0,0.0,0.0,0.23709285765514743,0.4519752855270547,0.38748286888990413,0.5167920237887,0.4623353147703968,2001-07-01,0.2500000000000001,0.06698729810778059
2001,8,0.01808740739624226,0.9475917674517293,0.0,0.0,0.0,0.2323080706140308,0.5700387423847448,0.4508177249885792,0.6751355606087106,0.5608046256706181,2001-08-01,0.06698729810778076,0.24999999999999978
2001,9,0.024116543194989903,0.7651177593889245,0.0,0.0,0.0,0.208501962070061,0.3088661011334668,0.2878574691640019,0.4929595941927585,0.2912596609541025,2001-09-01,0.0,0.4999999999999999
2001,10,0.01959469134592906,0.5247188627201358,0.0,0.0,0.0,0.19439862296492905,0.10459723762476059,0.15398812243033344,0.5154364177015918,0.053452451304156434,2001-10-01,0.0669872981077807,0.75
2001,11,0.017333765421398972,0.37704222363674944,0.0,0.0,0.0,0.16800545076382445,0.0,0.041571493832800455,0.37414728004198006,0.0,2001-11-01,0.24999999999999978,0.9330127018922192
2001,12,0.01205827159749484,0.13749204328453213,0.0,0.0,0.0,0.16580260448151218,0.11217288609162779,0.08195523069894928,0.2939916039881054,0.17817870013093717,2001-12-01,0.4999999999999999,1.0
2002,1,0.015072839496868662,0.10269467430511348,0.015900575943455175,0.05199639150753388,0.0,0.198184444831508,0.27316261719931423,0.11837368661489278,0.30094455133811415,0.4181295697616483,2002-01-01,0.75,0.9330127018922194
2002,2,0.020348333320772793,0.14322087842138764,0.015900575943455175,0.05199639150753388,0.0,0.19816395323818448,0.0770094911641439,0.0,0.2930295609585447,0.18291792679111496,2002-02-01,0.9330127018922193,0.75
2002,3,0.027884753069207013,0.2100572883513686,0.015900575943455175,0.05199639150753388,0.0,0.23180602657759675,0.1038843201359585,0.04740063956144369,0.3980671680951544,0.16815564130195493,2002-03-01,1.0,0.5
2002,4,0.035421172817641455,0.5060471037555698,0.015900575943455175,0.05199639150753388,0.0,0.25385498099404735,0.03537222934339579,0.04875285518501604,0.4107049151652964,0.05331340308918786,2002-04-01,0.9330127018922194,0.2500000000000001
2002,5,0.035421172817641455,0.6291109696583916,0.015900575943455175,0.05199639150753388,0.0,0.2733629778383424,0.11730013106159887,0.1466057560529923,0.5729403533321671,0.07545683132292802,2002-05-01,0.75,0.06698729810778065
2002,6,0.036174814792484744,0.8746021642266073,0.015900575943455175,0.05199639150753388,0.0,0.31142098953904185,0.3127907479152563,0.27322064869803575,0.5697481196431693,0.30547734093463585,2002-06-01,0.5000000000000001,0.0
2002,7,0.037682098742171544,0.9804795247188627,0.015900575943455175,0.05199639150753388,0.0,0.30981239946312034,0.6067071853441448,0.45746916400182736,0.7331205177540667,0.6128318327713469,2002-07-01,0.2500000000000001,0.06698729810778059
2002,8,0.042203950591232164,0.9170379800551667,0.015900575943455175,0.05199639150753388,0.0,0.30479195909877976,0.612684170351274,0.45441754225673825,0.7393300682175963,0.6202129755159269,2002-08-01,0.06698729810778076,0.24999999999999978
2002,9,0.044464876515762475,0.7895183534903458,0.015900575943455175,0.05199639150753388,0.0,0.30943330498662913,0.41380899572249485,0.36286888990406574,0.5679552212698966,0.4058585647906745,2002-09-01,0.0,0.4999999999999999
2002,10,0.046725802440292785,0.47103755569700834,0.015900575943455175,0.05199639150753388,0.0,0.2974457228921841,0.22427376031570012,0.2807126541799909,0.5521252405107573,0.15902480851902068,2002-10-01,0.0669872981077807,0.75
2002,11,0.046725802440292785,0.26161680458306813,0.015900575943455175,0.05199639150753388,0.0,0.32277333224044824,0.07201186755577327,0.09399725902238476,0.36505160048976704,0.09287262024773768,2002-11-01,0.24999999999999978,0.9330127018922192
2002,12,0.043711234540918964,0.11542541905368131,0.015900575943455175,0.05199639150753388,0.0,0.2966721652442086,0.24072127086543849,0.1480676107811787,0.3541192933356654,0.32976442914914084,2002-12-01,0.4999999999999999,1.0
2003,1,0.049740370339666384,0.06726076808826653,0.04359343286986361,0.10059652487337534,0.0,0.3349146012848232,0.3689095963014706,0.3217176793056191,0.41411579499737616,0.5036558093185479,2003-01-01,0.75,0.9330127018922194
2003,2,0.060291357987474425,0.06683640992998086,0.04359343286986361,0.10059652487337534,0.0,0.3407905656704342,0.2103178603833913,0.1879945180447693,0.3567867762812664,0.3491268930835101,2003-02-01,0.9330127018922193,0.75
2003,3,0.06858141971075216,0.28983662210906,0.04359343286986361,0.10059652487337534,0.0,0.32827532504789936,0.1543862428528222,0.21249885792599366,0.4547839776106346,0.21730918529333376,2003-03-01,1.0,0.5
2003,4,0.06556685181137856,0.4720984510927222,0.04359343286986361,0.10059652487337534,0.0,0.2986752184916144,0.026471562513502134,0.15959798994974883,0.511631974811964,0.03060219464432634,2003-04-01,0.9330127018922194,0.2500000000000001
2003,5,0.06330592588684825,0.6649692340335243,0.04359343286986361,0.10059652487337534,0.0,0.29760965563877484,0.11344749614736505,0.27168570123343994,0.5798933006821758,0.0810766966779064,2003-05-01,0.75,0.06698729810778065
2003,6,0.06481320983653505,0.8149798429874815,0.04359343286986361,0.10059652487337534,0.0,0.3034753742277232,0.26943960364668107,0.39206943809958883,0.6494665034108795,0.23729736619506148,2003-06-01,0.5000000000000001,0.0
2003,7,0.06632049378622207,0.9724167197114364,0.04359343286986361,0.10059652487337534,0.0,0.32744029261995244,0.5845563348839888,0.6264412973960711,0.7160223893650515,0.5778264446530168,2003-07-01,0.2500000000000001,0.06698729810778059
2003,8,0.07159598761012598,0.95523021430087,0.04359343286986361,0.10059652487337534,0.0,0.3169998258214566,0.6393573660939322,0.64455002284148,0.8386391464054572,0.6217888552855704,2003-08-01,0.06698729810778076,0.24999999999999978
2003,9,0.07611783945918638,0.7494165075323571,0.04359343286986361,0.10059652487337534,0.0,0.34758865175561837,0.385666757881699,0.466368204659662,0.6263774707014167,0.38286925991587584,2003-09-01,0.0,0.4999999999999999
2003,10,0.07461055550949958,0.5709739019732654,0.04359343286986361,0.10059652487337534,0.0,0.35361318019282617,0.17532009275128546,0.34874371859296494,0.6832254679027461,0.10398489009397349,2003-10-01,0.0669872981077807,0.75
2003,11,0.07084234563528247,0.2696796095904944,0.04359343286986361,0.10059652487337534,0.0,0.3856825237446335,0.07160139991070524,0.21295568752855187,0.5162672730453033,0.06780917949965826,2003-11-01,0.24999999999999978,0.9330127018922192
2003,12,0.06933506168559567,0.11988117971568002,0.04359343286986361,0.10059652487337534,0.0,0.3880236882818826,0.2938228220010657,0.3091640018273185,0.47796046877733067,0.37400493621163133,2003-12-01,0.4999999999999999,1.0
2004,1,0.07611783945918638,0.01485253553999577,0.0857004375846735,0.15339798565313956,0.0,0.3959539348982082,0.3947834603142597,0.3349474645957058,0.4138971488542942,0.5366565856710814,2004-01-01,0.75,0.9330127018922194
2004,2,0.08365425920762082,0.083386378103119,0.0857004375846735,0.15339798565313956,0.0,0.4246575342465757,0.2405124364495268,0.23254454088624943,0.36338988980234355,0.3668207784382569,2004-02-01,0.9330127018922193,0.75
2004,3,0.09269796290574206,0.37704222363674944,0.0857004375846735,0.15339798565313956,0.0,0.4064814909683303,0.18109544452925852,0.262768387391503,0.523438866538394,0.2101945516274435,2004-03-01,1.0,0.5
2004,4,0.09721981475480268,0.48886059834500317,0.0857004375846735,0.15339798565313956,0.0,0.42579994057437975,0.0706940503795026,0.22989492919141163,0.5252317649116667,0.05295419520051914,2004-04-01,0.9330127018922194,0.2500000000000001
2004,5,0.10550987647808019,0.6849140674729473,0.0857004375846735,0.15339798565313956,0.0,0.46033852112171036,0.18724525801852132,0.3641480127912289,0.6834878432744445,0.11345175606308167,2004-05-01,0.75,0.06698729810778065
2004,6,0.11003172832714081,0.8158285593040528,0.0857004375846735,0.15339798565313956,0.0,0.423366563867174,0.39417856062679113,0.4965006852444038,0.6722931607486444,0.365326010127345,2004-06-01,0.5000000000000001,0.0
2004,7,0.10777080240261072,0.917886696371738,0.0857004375846735,0.15339798565313956,0.0,0.458663333367487,0.5823815764838047,0.6312288716308818,0.7486881231415077,0.5619633607953558,2004-07-01,0.2500000000000001,0.06698729810778059
2004,8,0.10852444437745401,0.8597496286866115,0.0857004375846735,0.15339798565313956,0.0,0.46284874130388065,0.5609220399521841,0.6121699406121515,0.7907119118418748,0.5285686145004114,2004-08-01,0.06698729810778076,0.24999999999999978
2004,9,0.11153901227682783,0.7642690430723531,0.0857004375846735,0.15339798565313956,0.0,0.4684327004846267,0.39989630291071987,0.5234170854271358,0.6411142207451457,0.3653607721810872,2004-09-01,0.0,0.4999999999999999
2004,10,0.11907543202526205,0.5457245915552726,0.0857004375846735,0.15339798565313956,0.0,0.5107119804100373,0.20669566344533563,0.39058931018730014,0.6116844498863037,0.14668427944056273,2004-10-01,0.0669872981077807,0.75
2004,11,0.11982907400010556,0.30447697856991307,0.0857004375846735,0.15339798565313956,0.0,0.5226432106228422,0.12334912793628394,0.2704796710826862,0.5611771908343535,0.1024669470805668,2004-11-01,0.24999999999999978,0.9330127018922192
2004,12,0.11455358017620165,0.11500106089539575,0.0857004375846735,0.15339798565313956,0.0,0.5606858536285486,0.33857099650022326,0.3842667884878941,0.5295172293160748,0.3841091064993454,2004-12-01,0.4999999999999999,1.0
2005,1,0.11756814807557525,0.07956715467854869,0.13077791490327006,0.20647224642750128,0.0,0.5781293224454673,0.40359051171633076,0.3638373686614893,0.475948924260976,0.515416970834637,2005-01-01,0.75,0.9330127018922194
2005,2,0.12585820979885298,0.1761086356885211,0.13077791490327006,0.20647224642750128,0.0,0.6128881876210288,0.19068742528768756,0.22486980356327102,0.3313363652265173,0.2996489032572045,2005-02-01,0.9330127018922193,0.75
2005,3,0.13716283942150453,0.2688308932739233,0.13077791490327006,0.20647224642750128,0.0,0.6065101791989838,0.2430904613080236,0.3284239378711742,0.517185586846248,0.26949861531152597,2005-03-01,1.0,0.5
2005,4,0.14696018509446906,0.4801612561001487,0.13077791490327006,0.20647224642750128,0.0,0.6162897921127861,0.08017801333659791,0.2464687071722249,0.48237712086758755,0.06885204111192222,2005-04-01,0.9330127018922194,0.2500000000000001
2005,5,0.14545290114478227,0.6348398047952473,0.13077791490327006,0.20647224642750128,0.0,0.6215458858003506,0.1473794881396453,0.3426404751027867,0.6338114395662058,0.07621000915400744,2005-05-01,0.75,0.06698729810778065
2005,6,0.14620654311962555,0.8395926161680458,0.13077791490327006,0.20647224642750128,0.0,0.6429698466204243,0.4777771376722886,0.6057560529922341,0.7291848871785902,0.41505892168109293,2005-06-01,0.5000000000000001,0.0
2005,7,0.15298932089321648,0.9690218544451519,0.13077791490327006,0.20647224642750128,0.0,0.6270632473027948,0.7379776187115639,0.7507720420283235,0.7446213048801815,0.7377550665693329,2005-07-01,0.2500000000000001,0.06698729810778059
2005,8,0.16052574064165093,0.9242520687460218,0.13077791490327006,0.20647224642750128,0.0,0.6435589799284847,0.7886019616032722,0.7946094106898127,0.8386391464054572,0.765900742749215,2005-08-01,0.06698729810778076,0.24999999999999978
2005,9,0.1786131480378932,0.8005516656057714,0.13077791490327006,0.20647224642750128,0.0,0.5468693968299512,0.5608932352051619,0.6499040657834629,0.6952072765436417,0.5296462381664175,2005-09-01,0.0,0.4999999999999999
2005,10,0.1816277159372668,0.5461489497135583,0.13077791490327006,0.20647224642750128,0.0,0.6065716539789552,0.32111531980470365,0.5029328460484239,0.6339863564806714,0.2535196579413912,2005-10-01,0.0669872981077807,0.75
2005,11,0.16956944433977195,0.3261192446424782,0.13077791490327006,0.20647224642750128,0.0,0.6607104435405375,0.1551927757694469,0.3261397898583829,0.5314850446038131,0.12607038157147654,2005-11-01,0.24999999999999978,0.9330127018922192
2005,12,0.16354030854102453,0.06492679821769576,0.13077791490327006,0.20647224642750128,0.0,0.6854899027673902,0.3910892515086488,0.41260849703060765,0.5079587196081858,0.4561940186092861,2005-12-01,0.4999999999999999,1.0
2006,1,0.17484493816367608,0.19711436452365794,0.1720367498070644,0.2625221725849505,0.23232323232323182,0.6932613395354554,0.37325191191508345,0.38340794883508456,0.4594630050725903,0.4589981576111517,2006-01-01,0.75,0.9330127018922194
2006,2,0.17785950606304968,0.11012094207511136,0.1720367498070644,0.2625221725849505,0.23232323232323182,0.6956895933443308,0.20171964339723192,0.26974874371859303,0.3869599440265872,0.27466657396785665,2006-02-01,0.9330127018922193,0.75
2006,3,0.18614956778632763,0.2754084447273498,0.1720367498070644,0.2625221725849505,0.23232323232323182,0.7065450149076344,0.2659830340040037,0.3684604842393788,0.5206401959069442,0.27981135792169276,2006-03-01,1.0,0.5
2006,4,0.19896148135866576,0.5436028007638447,0.1720367498070644,0.2625221725849505,0.23232323232323182,0.7212528560158198,0.10927080782913023,0.28506167199634547,0.4520727654364176,0.0992688381362905,2006-04-01,0.9330127018922194,0.2500000000000001
2006,5,0.20649790110709998,0.6925525143220879,0.1720367498070644,0.2625221725849505,0.23232323232323182,0.7227026362434819,0.2460213443175434,0.46580173595248975,0.6481108973237713,0.1528719250066628,2006-05-01,0.75,0.06698729810778065
2006,6,0.2095124690064738,0.8722681943560366,0.1720367498070644,0.2625221725849505,0.23232323232323182,0.7399924181104707,0.49548485590425284,0.6365280950205574,0.6678327794297707,0.4404120462103569,2006-06-01,0.5000000000000001,0.0
2006,7,0.21403432085553442,0.9923615531508594,0.1720367498070644,0.2625221725849505,0.23232323232323182,0.7368008524502825,0.7874713752826465,0.8148012791228871,0.7662235438166869,0.7709180658393298,2006-07-01,0.2500000000000001,0.06698729810778059
2006,8,0.21704888875490824,0.9284956503288777,0.1720367498070644,0.2625221725849505,0.23232323232323182,0.7588395610700713,0.8324571889447381,0.8534307903152123,0.8276631100227392,0.8025051853396832,2006-08-01,0.06698729810778076,0.24999999999999978
2006,9,0.2095124690064738,0.7141947803946531,0.1720367498070644,0.2625221725849505,0.23232323232323182,0.7491111771395786,0.4626618466723318,0.6081315669255369,0.6562008046178063,0.4086279417387979,2006-09-01,0.0,0.4999999999999999
2006,10,0.20122240728319607,0.4869509866327182,0.1720367498070644,0.2625221725849505,0.23232323232323182,0.7442239321318427,0.274739677098786,0.5125445408862495,0.6112908868287561,0.17889711590827462,2006-10-01,0.0669872981077807,0.75
2006,11,0.19896148135866576,0.30638659028219817,0.1720367498070644,0.2625221725849505,0.23232323232323182,0.7427690290058511,0.17389425777368106,0.36825947921425306,0.40646317998950465,0.1626400621082027,2006-11-01,0.24999999999999978,0.9330127018922192
2006,12,0.20122240728319607,0.14704010184595806,0.1720367498070644,0.2625221725849505,0.23232323232323182,0.7947818157600848,0.3390678783863581,0.43347647327546834,0.37515305230015716,0.39483899375441767,2006-12-01,0.4999999999999999,1.0
2007,1,0.20586484184823162,0.036282622533418296,0.20484308414268704,0.31833684398242124,0.23232323232323182,0.7765904037868463,0.44697766191868404,0.4699132023755139,0.48215847472450557,0.5153937961321422,2007-01-01,0.75,0.9330127018922194
2007,2,0.21402678443578593,0.05877360492255457,0.20484308414268704,0.31833684398242124,0.23232323232323182,0.8263030091904806,0.3477957167341177,0.3619004111466424,0.3075913940878081,0.4711069396646621,2007-02-01,0.9330127018922193,0.75
2007,3,0.2279917702296348,0.3823467006153194,0.20484308414268704,0.31833684398242124,0.23232323232323182,0.8352578354729969,0.2781530396209295,0.39632708999543165,0.4908168619905542,0.2883859978447527,2007-03-01,1.0,0.5
2007,4,0.23804535417404615,0.44345427540844473,0.20484308414268704,0.31833684398242124,0.23232323232323182,0.8703548119384026,0.16063687295666318,0.3672910004568297,0.5248819310827355,0.10979015306891005,2007-04-01,0.9330127018922194,0.2500000000000001
2007,5,0.24756385231631883,0.6936134097178017,0.20484308414268704,0.31833684398242124,0.23232323232323182,0.8725320437290609,0.2863623925222878,0.504486066697122,0.6945513381143953,0.18055410713664966,2007-05-01,0.75,0.06698729810778065
2007,6,0.2506010294749377,0.8535964353914705,0.20484308414268704,0.31833684398242124,0.23232323232323182,0.8734695341236263,0.5038886408480117,0.6651621745089082,0.7090257127864263,0.42422451651776916,2007-06-01,0.5000000000000001,0.0
2007,7,0.2502015992282707,0.9560789306174413,0.20484308414268704,0.31833684398242124,0.23232323232323182,0.8654931814223223,0.7172958103495455,0.7852352672453176,0.7722144481371345,0.6746155896223682,2007-07-01,0.2500000000000001,0.06698729810778059
2007,8,0.24732268688436876,0.9548058561425845,0.20484308414268704,0.31833684398242124,0.23232323232323182,0.8754777102693625,0.8665260034853743,0.9049611694837827,0.9076875983907646,0.8029339173358363,2007-08-01,0.06698729810778076,0.24999999999999978
2007,9,0.25164105540022175,0.7806068321663486,0.20484308414268704,0.31833684398242124,0.23232323232323182,0.8884079056567051,0.6084354701654833,0.7116857012334399,0.7027287038656636,0.5643619425035631,2007-09-01,0.0,0.4999999999999999
2007,10,0.25500229860802337,0.5737322300021219,0.20484308414268704,0.31833684398242124,0.23232323232323182,0.8727676970522849,0.3942577736811026,0.6126998629511191,0.7669232114745492,0.26589494907359135,2007-10-01,0.0669872981077807,0.75
2007,11,0.2643549955158302,0.3049013367281985,0.20484308414268704,0.31833684398242124,0.23232323232323182,0.9020860442003675,0.2395474774242794,0.4321973503883052,0.6017141857617632,0.17494582913291845,2007-11-01,0.24999999999999978,0.9330127018922192
2007,12,0.2632923603313011,0.07596011033312111,0.20484308414268704,0.31833684398242124,0.23232323232323182,0.9048319177057618,0.3936888799274121,0.4560621288259479,0.5407993702991076,0.4241086430052954,2007-12-01,0.4999999999999999,1.0
2008,1,0.2711603825486666,0.013367281985996127,0.214482345702521,0.37437592547877685,0.23232323232323182,0.8986639481152858,0.5269900479599039,0.5136592051164917,0.5130750393563055,0.6090427689134541,2008-01-01,0.75,0.9330127018922194
2008,2,0.27578020785445667,0.10736261404625513,0.214482345702521,0.37437592547877685,0.23232323232323182,0.8795606602391368,0.3749009836821109,0.4284330744632252,0.442802168969739,0.43738774753479115,2008-02-01,0.9330127018922193,0.75
2008,3,0.28960953809283363,0.25928283471249736,0.214482345702521,0.37437592547877685,0.23232323232323182,0.8625731293736747,0.29950455835121637,0.4090269529465509,0.5308728354031835,0.3053846421246569,2008-03-01,1.0,0.5
2008,4,0.29936920166705616,0.44048376830044567,0.214482345702521,0.37437592547877685,0.23232323232323182,0.8270663210417935,0.17951838462978675,0.3752581087254454,0.5395312226692321,0.13162072281897097,2008-04-01,0.9330127018922194,0.2500000000000001
2008,5,0.31300258499197375,0.6305962232123914,0.214482345702521,0.37437592547877685,0.23232323232323182,0.7957961496296146,0.25378422364005604,0.4846413887619918,0.7261238411754416,0.13254771091876116,2008-05-01,0.75,0.06698729810778065
2008,6,0.3294545893028058,0.8478676002546148,0.214482345702521,0.37437592547877685,0.23232323232323182,0.7821231339842836,0.5441072688779112,0.7020922795797166,0.6938079412279166,0.4700872527548927,2008-06-01,0.5000000000000001,0.0
2008,7,0.338113935593757,0.9429238277105878,0.214482345702521,0.37437592547877685,0.23232323232323182,0.7593928340898151,0.7733570492417152,0.8610507080858838,0.7507871261150951,0.7227262720014833,2008-07-01,0.2500000000000001,0.06698729810778059
2008,8,0.3314969590546317,0.9047315934648845,0.214482345702521,0.37437592547877685,0.23232323232323182,0.6786252190039042,0.7116356775596617,0.7902238465052536,0.7518803568305055,0.6680455614651049,2008-08-01,0.06698729810778076,0.24999999999999978
2008,9,0.32921342387085595,0.7547209845109271,0.214482345702521,0.37437592547877685,0.23232323232323182,0.45906804233563214,0.4959601342301212,0.682284148012791,0.6363477348259576,0.4202848170936606,2008-09-01,0.0,0.4999999999999999
2008,10,0.31255793622681627,0.5164438786335668,0.214482345702521,0.37437592547877685,0.23232323232323182,0.5070491081034003,0.2788875606699983,0.5463499314755595,0.5599965016617103,0.17733282348987855,2008-10-01,0.0669872981077807,0.75
2008,11,0.28129686711031066,0.30299172501591354,0.214482345702521,0.37437592547877685,0.23232323232323182,0.4442065142775178,0.18216122016908387,0.39221562357240747,0.35774881931082714,0.173335187309533,2008-11-01,0.24999999999999978,0.9330127018922192
2008,12,0.26473935292300044,0.04731593464884365,0.214482345702521,0.37437592547877685,0.23232323232323182,0.3089158922552029,0.40241671827517167,0.4793969849246231,0.19726255028861273,0.5143393471686308,2008-12-01,0.4999999999999999,1.0
2009,1,0.2716351769928178,0.02991725015913438,0.1880327304495215,0.4267897581376303,0.23232323232323182,0.19380948965686873,0.49392939956504844,0.5242941982640477,0.15851845373447615,0.6421941808322036,2009-01-01,0.75,0.9330127018922194
2009,2,0.279548417728674,0.15128368342881404,0.1880327304495215,0.4267897581376303,0.23232323232323182,0.16615096156801723,0.2392018204600117,0.3300137048880767,0.0,0.39866281966605266,2009-02-01,0.9330127018922193,0.75
2009,3,0.28343721031886604,0.28071292170591977,0.1880327304495215,0.4267897581376303,0.23232323232323182,0.09638733209700767,0.22160932121613652,0.3930013704888078,0.12301032009795332,0.2977254029501397,2009-03-01,1.0,0.5
2009,4,0.28743904920528474,0.451517080415871,0.1880327304495215,0.4267897581376303,0.23232323232323182,0.06098298173174488,0.08951075137182607,0.3445043398812244,0.08995102326394955,0.1254214899016235,2009-04-01,0.9330127018922194,0.2500000000000001
2009,5,0.29208148377032006,0.6791852323360916,0.1880327304495215,0.4267897581376303,0.23232323232323182,0.018119691396605297,0.1601687958175506,0.443325719506624,0.16586496414203244,0.15648717859584482,2009-05-01,0.75,0.06698729810778065
2009,6,0.305925886848194,0.8253766178654787,0.1880327304495215,0.4267897581376303,0.23232323232323182,0.004861630516081128,0.3779614880532314,0.6191137505710369,0.18904145530872807,0.3891959536969445,2009-06-01,0.5000000000000001,0.0
2009,7,0.3033484312942294,0.9121578612348822,0.1880327304495215,0.4267897581376303,0.23232323232323182,0.05668487003207012,0.610977489090202,0.7377249885792598,0.3075476648591917,0.6568985295651268,2009-07-01,0.2500000000000001,0.06698729810778059
2009,8,0.3069885220327231,0.8964566093783153,0.1880327304495215,0.4267897581376303,0.23232323232323182,0.1057263757543474,0.6611481572163094,0.7825673823663775,0.47406856743047054,0.665299359219476,2009-08-01,0.06698729810778076,0.24999999999999978
2009,9,0.3080059386987617,0.7795459367706343,0.1880327304495215,0.4267897581376303,0.23232323232323182,0.143717789776745,0.4142770728616074,0.6203563270899957,0.371917089382543,0.39809503945493097,2009-09-01,0.0,0.4999999999999999
2009,10,0.3095735140064362,0.4426055590918736,0.1880327304495215,0.4267897581376303,0.23232323232323182,0.15397383223532568,0.24543084700358597,0.5036637734125171,0.3539006471925834,0.20561754788472908,2009-10-01,0.0669872981077807,0.75
2009,11,0.3107265862279467,0.34373010821133043,0.1880327304495215,0.4267897581376303,0.23232323232323182,0.17202692595362823,0.1089107484913514,0.3280036546368206,0.187204827706839,0.14160901959421102,2009-11-01,0.24999999999999978,0.9330127018922192
2009,12,0.30785521030379326,0.0,0.1880327304495215,0.4267897581376303,0.23232323232323182,0.18692943719838961,0.41231835006409034,0.5030059387848334,0.2517491691446563,0.5006430979942296,2009-12-01,0.4999999999999999,1.0
2010,1,0.31341708807813773,0.02185444515170809,0.21533750034514632,0.47681641466695357,0.23232323232323182,0.23530496613764296,0.5677775697434939,0.4964824120603015,0.18326919713136247,0.7727952167414052,2010-01-01,0.75,0.9330127018922194
2010,2,0.3138240547445532,0.04583068109484412,0.21533750034514632,0.47681641466695357,0.23232323232323182,0.25098615792871026,0.3271211095588551,0.36173595248972146,0.12388490467028124,0.4870511349810547,2010-02-01,0.9330127018922193,0.75
2010,3,0.3205314683206597,0.29556545724591554,0.21533750034514632,0.47681641466695357,0.23232323232323182,0.2840134834684074,0.28428124954992584,0.3800822293284605,0.3043991603988103,0.35901090369752375,2010-03-01,1.0,0.5
2010,4,0.32338023498556767,0.5007426267769999,0.21533750034514632,0.47681641466695357,0.23232323232323182,0.3002633169742124,0.10094623593968288,0.34424851530379175,0.31756165821234905,0.083880835679772,2010-04-01,0.9330127018922194,0.2500000000000001
2010,5,0.3246538899230531,0.6416295353278167,0.21533750034514632,0.47681641466695357,0.23232323232323182,0.3639358203297096,0.221040427462446,0.46086797624486064,0.47035158299807556,0.1626400621082027,2010-05-01,0.75,0.06698729810778065
2010,6,0.3230486325166366,0.866539359219181,0.21533750034514632,0.47681641466695357,0.23232323232323182,0.374063790330017,0.5606771996024944,0.7023115577889447,0.5248382018541191,0.5410018423888483,2010-06-01,0.5000000000000001,0.0
2010,7,0.32339530782506465,0.9562911096965838,0.21533750034514632,0.47681641466695357,0.23232323232323182,0.3921220069466509,0.8352224446588796,0.8583462768387391,0.6290886828756337,0.8560966848588083,2010-07-01,0.2500000000000001,0.06698729810778059
2010,8,0.32566377016934345,0.9422872904731594,0.21533750034514632,0.47681641466695357,0.23232323232323182,0.40942203461030147,0.8550329094234728,0.8810415714938329,0.7245495889452509,0.8487271294654755,2010-08-01,0.06698729810778076,0.24999999999999978
2010,9,0.3266208954773946,0.7818799066412052,0.21533750034514632,0.47681641466695357,0.23232323232323182,0.42307455866230903,0.5379862601356702,0.6977798081315671,0.5261500787126114,0.5072478882052351,2010-09-01,0.0,0.4999999999999999
2010,10,0.3286708016489688,0.5622745597284109,0.21533750034514632,0.47681641466695357,0.23232323232323182,0.4101289945799742,0.2506445062146241,0.5026952946550938,0.4689085184537345,0.1840187251596157,2010-10-01,0.0669872981077807,0.75
2010,11,0.3293641522658246,0.2688308932739233,0.21533750034514632,0.47681641466695357,0.23232323232323182,0.41389944775156007,0.1574611495974536,0.37584285061671996,0.3610285114570577,0.14320807406634928,2010-11-01,0.24999999999999978,0.9330127018922192
2010,12,0.33219784609123604,0.06004667939741137,0.21533750034514632,0.47681641466695357,0.23232323232323182,0.4604051188000122,0.4753791424826812,0.49474645957058017,0.3915952422599265,0.570178792829747,2010-12-01,0.4999999999999999,1.0
2011,1,0.3400658683086015,0.0014852535539996436,0.24088442336780047,0.5209846834822205,0.469135802469129,0.4506357516828725,0.5838866245157204,0.49885792599360435,0.3819748119643167,0.7445452544002966,2011-01-01,0.75,0.9330127018922194
2011,2,0.3482504201554013,0.0721408869085508,0.24088442336780047,0.5209846834822205,0.469135802469129,0.4300724377823997,0.3159088617804213,0.3443581544084058,0.2187773307678853,0.4554176660757119,2011-02-01,0.9330127018922193,0.75
2011,3,0.36451401397252226,0.28495650328877575,0.24088442336780047,0.5209846834822205,0.469135802469129,0.48073790227559154,0.2809759048291156,0.42587482868889914,0.4745058597166345,0.27942897533052924,2011-03-01,1.0,0.5
2011,4,0.37535892199051935,0.47358370464672195,0.24088442336780047,0.5209846834822205,0.469135802469129,0.4638579522750801,0.15965031037114907,0.3573321151210598,0.3939566206052123,0.14941889433494393,2011-04-01,0.9330127018922194,0.2500000000000001
2011,5,0.383332454084363,0.6257161043921071,0.24088442336780047,0.5209846834822205,0.469135802469129,0.4702615751887791,0.2517462877882275,0.48741891274554594,0.46803393388140613,0.19561766375824163,2011-05-01,0.75,0.06698729810778065
2011,6,0.3815086405052417,0.8525355399957564,0.24088442336780047,0.5209846834822205,0.469135802469129,0.4840524174957226,0.5449354053548026,0.680109639104614,0.5489767360503759,0.5234701799515649,2011-06-01,0.5000000000000001,0.0
2011,7,0.3830159244549285,0.986632718014004,0.24088442336780047,0.5209846834822205,0.469135802469129,0.506921035645127,0.8472772312877164,0.8609227957971677,0.6948137134860941,0.8565601789087034,2011-07-01,0.2500000000000001,0.06698729810778059
2011,8,0.387711113958203,0.9624443029917251,0.24088442336780047,0.5209846834822205,0.469135802469129,0.5378530957674617,0.8618812380280272,0.8847327546825032,0.7709025712786426,0.8450887011737986,2011-08-01,0.06698729810778076,0.24999999999999978
2011,9,0.3903036423516646,0.7733927434754935,0.24088442336780047,0.5209846834822205,0.469135802469129,0.5343285417157615,0.5272204859360821,0.6761078117862036,0.5940615707538917,0.485649065480122,2011-09-01,0.0,0.4999999999999999
2011,10,0.3867765979093971,0.5399957564184172,0.24088442336780047,0.5209846834822205,0.469135802469129,0.5683599553283276,0.2527544539340083,0.506148926450434,0.5651565506384464,0.15965052548637915,2011-10-01,0.0669872981077807,0.75
2011,11,0.38533714173744626,0.29938468067048596,0.24088442336780047,0.5209846834822205,0.469135802469129,0.5683036034466866,0.15987354716057212,0.358172681589767,0.41603988105649803,0.14383379103370775,2011-11-01,0.24999999999999978,0.9330127018922192
2011,12,0.38113181951781994,0.12221514958625079,0.24088442336780047,0.5209846834822205,0.469135802469129,0.5940461675597586,0.351489925539729,0.43700319780721797,0.3771208675878954,0.41174493922434285,2011-12-01,0.4999999999999999,1.0
2012,1,0.3886154843280152,0.13749204328453213,0.2719814165843317,0.5658937366111738,0.469135802469129,0.6240253685925348,0.4172439618049053,0.44381909547738707,0.34314325695294734,0.5222882701243323,2012-01-01,0.75,0.9330127018922194
2012,2,0.39613683123695265,0.16698493528538083,0.2719814165843317,0.5658937366111738,0.469135802469129,0.6402598334033467,0.24447308916509436,0.34954773869346734,0.303480846597866,0.31480515868877545,2012-02-01,0.9330127018922193,0.75
2012,3,0.4091673009819956,0.4406959473795884,0.2719814165843317,0.5658937366111738,0.469135802469129,0.6144404258153093,0.22105482983595715,0.39329374143444507,0.4346685324470876,0.21500330239510546,2012-03-01,1.0,0.5
2012,4,0.41439003986766054,0.5312964141735625,0.2719814165843317,0.5658937366111738,0.469135802469129,0.6504185407936403,0.12764823642936363,0.36703517587939705,0.42294909917789036,0.08454131470087267,2012-04-01,0.9330127018922194,0.2500000000000001
2012,5,0.41235520653558333,0.7173774665817951,0.2719814165843317,0.5658937366111738,0.469135802469129,0.6602083995041035,0.3163769389195339,0.5454362722704431,0.5824733251705436,0.23276671185733666,2012-05-01,0.75,0.06698729810778065
2012,6,0.40981543308036095,0.867812433694038,0.2719814165843317,0.5658937366111738,0.469135802469129,0.6607514267271855,0.5193927959327695,0.6771676564641389,0.5361640720657688,0.48814034599830824,2012-06-01,0.5000000000000001,0.0
2012,7,0.4069968120944465,1.0,0.2719814165843317,0.5658937366111738,0.469135802469129,0.6708076761508597,0.8492287528984777,0.8695111923252625,0.6935892950848346,0.8548220762215966,2012-07-01,0.2500000000000001,0.06698729810778059
2012,8,0.41660574727370014,0.9369828134945895,0.2719814165843317,0.5658937366111738,0.469135802469129,0.6510281656950241,0.804739821122521,0.861671996345363,0.7323333916389712,0.7779052386414991,2012-08-01,0.06698729810778076,0.24999999999999978
2012,9,0.4243531867750907,0.778060683216635,0.2719814165843317,0.5658937366111738,0.469135802469129,0.6475548406266327,0.46848040557083803,0.6511466423024213,0.46799020465278973,0.44059744383031485,2012-09-01,0.0,0.4999999999999999
2012,10,0.42367490899773164,0.5145342669212816,0.2719814165843317,0.5658937366111738,0.469135802469129,0.6631386973494129,0.2714919418720203,0.5394243947007764,0.508920762637747,0.18379856548591555,2012-10-01,0.0669872981077807,0.75
2012,11,0.41541499295344764,0.3049013367281985,0.2719814165843317,0.5658937366111738,0.469135802469129,0.6831948443151195,0.18131148013192555,0.37807217907720414,0.3274881931082736,0.18943001819214156,2012-11-01,0.24999999999999978,0.9330127018922192
2012,12,0.41074241270941836,0.13324846170167626,0.2719814165843317,0.5658937366111738,0.469135802469129,0.6967397875021781,0.31868131868131866,0.4234079488350846,0.306192058772083,0.3867973719887372,2012-12-01,0.4999999999999999,1.0
2013,1,0.4158596417186051,0.05537873965626994,0.30105280748984975,0.6086124031015334,0.469135802469129,0.6969703179270708,0.48715308282805014,0.48931932389218824,0.3999912541542767,0.5906999918888542,2013-01-01,0.75,0.9330127018922194
2013,2,0.4300733293641523,0.10884786760025467,0.30105280748984975,0.6086124031015334,0.469135802469129,0.7210684316759055,0.27685682600492556,0.36665143901324804,0.2332517054399159,0.3743525567490529,2013-02-01,0.9330127018922193,0.75
2013,3,0.4346479361514519,0.23912582219393164,0.30105280748984975,0.6086124031015334,0.469135802469129,0.7418417844079466,0.318234845102473,0.42137962539972595,0.398635648067168,0.362568220530469,2013-03-01,1.0,0.5
2013,4,0.4328241225723308,0.4252068746021642,0.30105280748984975,0.6086124031015334,0.469135802469129,0.7360529092939627,0.17821496982702745,0.3735769757880312,0.38735350708413474,0.17072803327887276,2013-04-01,0.9330127018922194,0.2500000000000001
2013,5,0.4359442003481826,0.6622109060046679,0.30105280748984975,0.6086124031015334,0.469135802469129,0.7407096238768052,0.26186395517981365,0.5067519415258108,0.592050026237537,0.16668404769353784,2013-05-01,0.75,0.06698729810778065
2013,6,0.4401570589875574,0.8646297475068958,0.30105280748984975,0.6086124031015334,0.469135802469129,0.7502228460773974,0.48368211081186163,0.6662220191868431,0.5602588770334092,0.43075978262129055,2013-06-01,0.5000000000000001,0.0
2013,7,0.44085040960441346,0.9456821557394439,0.30105280748984975,0.6086124031015334,0.469135802469129,0.7340037499615786,0.7609278009015885,0.8471448149840111,0.6790711911841871,0.730559321444711,2013-07-01,0.2500000000000001,0.06698729810778059
2013,8,0.4429681435537234,0.9197963080840228,0.30105280748984975,0.6086124031015334,0.469135802469129,0.763721683179476,0.7240505235262773,0.842613065326633,0.7192583522826657,0.6634685577223902,2013-08-01,0.06698729810778076,0.24999999999999978
2013,9,0.44501804972529757,0.7918523233609165,0.30105280748984975,0.6086124031015334,0.469135802469129,0.7910369770801537,0.5072803998098887,0.6844586569209685,0.5101889102676229,0.47058550885853,2013-09-01,0.0,0.4999999999999999
2013,10,0.4404735886169915,0.5049862083598557,0.30105280748984975,0.6086124031015334,0.469135802469129,0.7849509738629727,0.29766825572854416,0.5656646870717221,0.5082210949798842,0.20956883466008502,2013-10-01,0.0669872981077807,0.75
2013,11,0.4368787163969885,0.2539783577339274,0.30105280748984975,0.6086124031015334,0.469135802469129,0.7975430579604721,0.20494577506373068,0.409922338967565,0.36181563757215285,0.1981089442764279,2013-11-01,0.24999999999999978,0.9330127018922192
2013,12,0.43672798800201984,0.030129429238277106,0.30105280748984975,0.6086124031015334,0.469135802469129,0.8083831108287827,0.4568504889605809,0.5081955230698949,0.2933793947874759,0.5580352487224947,2013-12-01,0.4999999999999999,1.0
2014,1,0.44326206392391243,0.019520475281137206,0.33580495328597526,0.6541517972627799,0.469135802469129,0.7889826948494383,0.6351734765889419,0.6014618547281865,0.38442364876683577,0.761335326357748,2014-01-01,0.75,0.9330127018922194
2014,2,0.44978106700630804,0.05283259070655644,0.33580495328597526,0.6541517972627799,0.469135802469129,0.827880861876416,0.4025967479440611,0.4276290543627228,0.17732202203953085,0.5523458592600319,2014-02-01,0.9330127018922193,0.75
2014,3,0.4611761336659408,0.23063865902821978,0.33580495328597526,0.6541517972627799,0.469135802469129,0.88005245847891,0.3554073711347632,0.4754134307903153,0.4014780479272342,0.3873188027948691,2014-03-01,1.0,0.5
2014,4,0.46704700464997106,0.4678548695098663,0.33580495328597526,0.6541517972627799,0.469135802469129,0.8834233255806812,0.16461912923249744,0.3930196436729101,0.3999912541542767,0.13305755437364586,2014-04-01,0.9330127018922194,0.2500000000000001
2014,5,0.4732871602016746,0.6711224273286656,0.33580495328597526,0.6541517972627799,0.469135802469129,0.9047806887224521,0.2764319559863464,0.524714481498401,0.6133024313451108,0.17288328061088531,2014-05-01,0.75,0.06698729810778065
2014,6,0.476625794150231,0.8474432420963294,0.33580495328597526,0.6541517972627799,0.469135802469129,0.9221575598610672,0.5023403856955626,0.6847327546825035,0.6276456183312926,0.431536135154865,2014-06-01,0.5000000000000001,0.0
2014,7,0.47592490711362667,0.926161680458307,0.33580495328597526,0.6541517972627799,0.469135802469129,0.9333101095275662,0.7092448835568101,0.8128460484239377,0.7459769109672902,0.651452474478859,2014-07-01,0.2500000000000001,0.06698729810778059
2014,8,0.4729254120537498,0.9040950562274561,0.33580495328597526,0.6541517972627799,0.469135802469129,0.9251083492997001,0.7118301096020623,0.8159342165372316,0.806804267972713,0.6375708276844996,2014-08-01,0.06698729810778076,0.24999999999999978
2014,9,0.4742744311887195,0.7757267133460641,0.33580495328597526,0.6541517972627799,0.469135802469129,0.9415733445354046,0.5319732691947634,0.7144449520328919,0.6179377295784501,0.4627292847128075,2014-09-01,0.0,0.4999999999999999
2014,10,0.46976765217915584,0.5790367069806917,0.33580495328597526,0.6541517972627799,0.469135802469129,0.9421676007417954,0.31430299713392773,0.5860575605299223,0.5962917614133283,0.19966164934357655,2014-10-01,0.0669872981077807,0.75
2014,11,0.4601059620616632,0.20390409505622742,0.33580495328597526,0.6541517972627799,0.469135802469129,0.9755176688763436,0.233167225958838,0.4256555504796711,0.4235613083785199,0.21644013394978057,2014-11-01,0.24999999999999978,0.9330127018922192
2014,12,0.45001469601850963,0.15213239974538517,0.33580495328597526,0.6541517972627799,0.469135802469129,0.9752256636714796,0.407486353751098,0.4955504796710828,0.38328668882280903,0.46342452578765037,2014-12-01,0.4999999999999999,1.0
2015,1,0.44168695219648946,0.07298960322512194,0.3678906453359647,0.7002056864195767,0.469135802469129,0.9336994498007192,0.5518413434534011,0.5604202832343534,0.36080986531397574,0.6599923523481768,2015-01-01,0.75,0.9330127018922194
2015,2,0.44933641824115056,0.07107999151283684,0.3678906453359647,0.7002056864195767,0.469135802469129,0.8992428356266844,0.38694856912419184,0.44825947921425313,0.23574427147105093,0.4986153115259384,2015-02-01,0.9330127018922193,0.75
2015,3,0.45986479662971336,0.3341820496499045,0.3678906453359647,0.7002056864195767,0.469135802469129,0.8824755893894531,0.3767516886782942,0.49054362722704425,0.3651827881756162,0.4213160913546772,2015-03-01,1.0,0.5
2015,4,0.4634822781089616,0.5007426267769999,0.3678906453359647,0.7002056864195767,0.469135802469129,0.8527627790698871,0.16160183198191058,0.4242485153037918,0.39929158649641394,0.10882840291537765,2015-04-01,0.9330127018922194,0.2500000000000001
2015,5,0.4725712003255733,0.6619987269255252,0.3678906453359647,0.7002056864195767,0.469135802469129,0.8291462177641629,0.252452004090274,0.5199634536317954,0.5054224243484344,0.16632483980486912,2015-05-01,0.75,0.06698729810778065
2015,6,0.4788490379760193,0.8854232972628899,0.3678906453359647,0.7002056864195767,0.469135802469129,0.8135265007530661,0.528300663949419,0.7002101416171769,0.6498163372398107,0.4576192628127136,2015-06-01,0.5000000000000001,0.0
2015,7,0.478969620691994,0.9395289624443031,0.3678906453359647,0.7002056864195767,0.469135802469129,0.8456521961865144,0.7914392291849695,0.8689447236180903,0.7166783277942974,0.755854509217738,2015-07-01,0.2500000000000001,0.06698729810778059
2015,8,0.47642231081702335,0.9189475917674519,0.3678906453359647,0.7002056864195767,0.469135802469129,0.8374043298736691,0.7849149539844167,0.8692188213796253,0.7440528249081684,0.7382069732679808,2015-08-01,0.06698729810778076,0.24999999999999978
2015,9,0.47362629909035414,0.8253766178654787,0.3678906453359647,0.7002056864195767,0.469135802469129,0.8223686232723031,0.5755476502527614,0.7536592051164916,0.5847472450585971,0.5169117391455489,2015-09-01,0.0,0.4999999999999999
2015,10,0.47281990217727166,0.5856142584341184,0.3678906453359647,0.7002056864195767,0.469135802469129,0.7986188666099734,0.30980225541169193,0.5823663773412515,0.5199842574776978,0.2148526668288897,2015-10-01,0.0669872981077807,0.75
2015,11,0.4690366194635578,0.31741990239762363,0.3678906453359647,0.7002056864195767,0.469135802469129,0.7602534810094159,0.16478475652787572,0.42373686614892647,0.3120955046352982,0.13755344665762848,2015-11-01,0.24999999999999978,0.9330127018922192
2015,12,0.46292458304757744,0.19138552938680242,0.3678906453359647,0.7002056864195767,0.469135802469129,0.7346799725412652,0.3190845851396309,0.4728734582000913,0.3002448836802518,0.35762042154783846,2015-12-01,0.4999999999999999,1.0
2016,1,0.4658713231692153,0.054742202418841535,0.38905931713170205,0.7458699507850088,0.7213804713804741,0.7611551111156647,0.48864372848645465,0.5383097304705347,0.32753192233689,0.5812794753247357,2016-01-01,0.75,0.9330127018922194
2016,2,0.4673409250201599,0.20857203479736897,0.38905931713170205,0.7458699507850088,0.7213804713804741,0.7333787563652017,0.3152103466651306,0.41116491548652356,0.23570054224243453,0.4073185710478442,2016-02-01,0.9330127018922193,0.75
2016,3,0.4750356095833115,0.37895183534903465,0.38905931713170205,0.7458699507850088,0.7213804713804741,0.6963453243306938,0.23604049947431327,0.45295568752855186,0.344542592268672,0.22502636122408792,2016-03-01,1.0,0.5
2016,4,0.4835442274792936,0.4996817313812858,0.38905931713170205,0.7458699507850088,0.7213804713804741,0.7104947695208041,0.11879797790675894,0.3854545454545455,0.31874234738499174,0.08617513122675291,2016-04-01,0.9330127018922194,0.2500000000000001
2016,5,0.4908394817957782,0.6511775938892426,0.38905931713170205,0.7458699507850088,0.7213804713804741,0.6994754152109106,0.22809038929615588,0.5022567382366379,0.4431082735700542,0.1551662205536437,2016-05-01,0.75,0.06698729810778065
2016,6,0.4967857169772929,0.8936982813494592,0.38905931713170205,0.7458699507850088,0.7213804713804741,0.7238450425712859,0.5533679950455836,0.7201827318410232,0.5384817211824382,0.5145247447885888,2016-06-01,0.5000000000000001,0.0
2016,7,0.4938465132754033,0.9671122427328667,0.38905931713170205,0.7458699507850088,0.7213804713804741,0.7294033872603762,0.8579349876859708,0.8969757880310643,0.6873360153926882,0.8528522265095422,2016-07-01,0.2500000000000001,0.06698729810778059
2016,8,0.49551206203980724,0.931253978357734,0.38905931713170205,0.7458699507850088,0.7213804713804741,0.7252743312056227,0.9228896922212779,0.9879945180447693,0.7758877033409131,0.8764093115954625,2016-08-01,0.06698729810778076,0.24999999999999978
2016,9,0.49987564907415094,0.7952471886272015,0.38905931713170205,0.7458699507850088,0.7213804713804741,0.7203665946045632,0.6028689528034221,0.7773777980813157,0.5204215497638618,0.5626354271677039,2016-09-01,0.0,0.4999999999999999
2016,10,0.5021441114184297,0.5957988542329726,0.38905931713170205,0.7458699507850088,0.7213804713804741,0.7240858187928412,0.3143101983206831,0.5849611694837824,0.4477435718033931,0.23986975817197953,2016-10-01,0.0669872981077807,0.75
2016,11,0.4993104175930183,0.3889242520687459,0.38905931713170205,0.7458699507850088,0.7213804713804741,0.7042602022520263,0.17486641798568403,0.4405481955230699,0.30885954171768404,0.14411188746364467,2016-11-01,0.24999999999999978,0.9330127018922192
2016,12,0.49990579475314445,0.07023127519626571,0.38905931713170205,0.7458699507850088,0.7213804713804741,0.7394135305990721,0.41542206155574424,0.5339607126541801,0.31738674129788347,0.46898645438639197,2016-12-01,0.4999999999999999,1.0
2017,1,0.5105095373391919,0.083386378103119,0.4271572481848762,0.7860064134229496,0.7213804713804741,0.7274925461829289,0.4691069088185731,0.5214618547281864,0.3258264824208501,0.5608857371293496,2017-01-01,0.75,0.9330127018922194
2017,2,0.5162673620269955,0.24485465733078715,0.4271572481848762,0.7860064134229496,0.7213804713804741,0.7087171237999614,0.1637765903820949,0.3415075376884422,0.13888403008570904,0.23361258849839528,2017-02-01,0.9330127018922193,0.75
2017,3,0.5177595731371853,0.3503076596647571,0.4271572481848762,0.7860064134229496,0.7213804713804741,0.7412014221165766,0.2765975832817247,0.47915943353129276,0.4010844848696866,0.2582704719528164,2017-03-01,1.0,0.5
2017,4,0.5232084046153036,0.5126246552089964,0.4271572481848762,0.7860064134229496,0.7213804713804741,0.7894540014958871,0.14234585859749682,0.3953951576062129,0.32976211299632663,0.11492334967149853,2017-04-01,0.9330127018922194,0.2500000000000001
2017,5,0.5247835163427264,0.6562698917886698,0.4271572481848762,0.7860064134229496,0.7213804713804741,0.7956219710863621,0.2796724900263563,0.528478757423481,0.514955396186811,0.20247737569668955,2017-05-01,0.75,0.06698729810778065
2017,6,0.5264566015268788,0.8639932102694674,0.4271572481848762,0.7860064134229496,0.7213804713804741,0.8055962541367405,0.5440424581971108,0.7137871174052077,0.6140020990029735,0.48360969166058343,2017-06-01,0.5000000000000001,0.0
2017,7,0.5251829465893934,0.9772968385317209,0.4271572481848762,0.7860064134229496,0.7213804713804741,0.7938853085521673,0.8251047772672935,0.8830698949291915,0.7192583522826657,0.8006048597351132,2017-07-01,0.2500000000000001,0.06698729810778059
2017,8,0.5307071422649956,0.8990027583280291,0.4271572481848762,0.7860064134229496,0.7213804713804741,0.7718312312373845,0.7721760546138003,0.8685244403837369,0.7773307678852541,0.7091458963395558,2017-08-01,0.06698729810778076,0.24999999999999978
2017,9,0.5405044879379601,0.7772119669000637,0.4271572481848762,0.7860064134229496,0.7213804713804741,0.7771795370949075,0.49466392061411724,0.6914207400639563,0.5327094630050726,0.4399949015654512,2017-09-01,0.0,0.4999999999999999
2017,10,0.5393288064572046,0.5527265011669849,0.4271572481848762,0.7860064134229496,0.7213804713804741,0.8401655720740564,0.33489119006812307,0.5908816811329376,0.5010057722581771,0.2549680768473135,2017-10-01,0.0669872981077807,0.75
2017,11,0.5393740249756951,0.3265436028007639,0.4271572481848762,0.7860064134229496,0.7213804713804741,0.8535670741078469,0.21828957412181516,0.4389584285061672,0.3541192933356654,0.20294086974658465,2017-11-01,0.24999999999999978,0.9330127018922192
2017,12,0.538281244112172,0.09866327180140033,0.4271572481848762,0.7860064134229496,0.7213804713804741,0.8636899212098239,0.426180634568577,0.5181361352215623,0.3884904670281615,0.47737569668949376,2017-12-01,0.4999999999999999,1.0
2018,1,0.5484026558343194,0.05346912794398462,0.47910132337276456,0.819598847373042,0.7213804713804741,0.8604420036679956,0.6585053216770123,0.6208131566925537,0.3730977785551861,0.7892144934589402,2018-01-01,0.75,0.9330127018922194
2018,2,0.5568735916315597,0.12454911945682157,0.47910132337276456,0.819598847373042,0.7213804713804741,0.8794838167641732,0.2858727118229083,0.39714938328003657,0.18816687073640015,0.3817336994936329,2018-02-01,0.9330127018922193,0.75
2018,3,0.561116595949928,0.2777424145979206,0.47910132337276456,0.819598847373042,0.7213804713804741,0.9039968852778149,0.3166001757089567,0.49624486066697115,0.4239548714360679,0.3060335337945099,2018-03-01,1.0,0.5
2018,4,0.5685927243403748,0.41141523445788253,0.47910132337276456,0.819598847373042,0.7213804713804741,0.960487085173308,0.18315498394135354,0.4089538602101417,0.3378082910617457,0.169719933720351,2018-04-01,0.9330127018922194,0.2500000000000001
2018,5,0.5764456737182435,0.7612985359643538,0.47910132337276456,0.819598847373042,0.7213804713804741,0.9115275458243257,0.3616003917445594,0.5888350845134767,0.6244533846422948,0.2669841600908449,2018-05-01,0.75,0.06698729810778065
2018,6,0.5794677780373656,0.8892425206874601,0.47910132337276456,0.819598847373042,0.7213804713804741,0.952577330150306,0.6124537323750954,0.7502969392416627,0.6199930033234211,0.5690084703537619,2018-06-01,0.5000000000000001,0.0
2018,7,0.579595897173089,0.9719923615531509,0.47910132337276456,0.819598847373042,0.7213804713804741,0.9598006167969588,0.8784655711261216,0.9240931932389218,0.7846335490641945,0.8430840894080023,2018-07-01,0.2500000000000001,0.06698729810778059
2018,8,0.5806509959378696,0.9308296201994486,0.47910132337276456,0.819598847373042,0.7213804713804741,0.9980840360242214,0.9224504198291876,0.9848698035632708,0.9072940353332166,0.8422729748206859,2018-08-01,0.06698729810778076,0.24999999999999978
2018,9,0.582859166924161,0.8039465308720561,0.47910132337276456,0.819598847373042,0.7213804713804741,1.0,0.6065487592355219,0.7506989492919143,0.6262462830155675,0.5573863570526414,2018-09-01,0.0,0.4999999999999999
2018,10,0.5862204101319626,0.5107150434967114,0.47910132337276456,0.819598847373042,0.7213804713804741,0.9908607493775685,0.40384255325277585,0.6428871630881683,0.6097166345985654,0.30407527143370294,2018-10-01,0.0669872981077807,0.75
2018,11,0.5798370626050391,0.22002970507108,0.47910132337276456,0.819598847373042,0.7213804713804741,0.9939857173594531,0.26985007129174865,0.4391411603471904,0.4267972712961341,0.26631209371849685,2018-11-01,0.24999999999999978,0.9330127018922192
2018,12,0.5737702447075492,0.12454911945682157,0.47910132337276456,0.819598847373042,0.7213804713804741,0.9936732205612655,0.425633344375153,0.49423481041571504,0.3912891376596117,0.49099083440516345,2018-12-01,0.4999999999999999,1.0
2019,1,0.5773801897670492,0.06195629110969669,0.8334810326079549,0.8488002310656668,0.7213804713804741,0.9618292845360195,0.544229689052756,0.567583371402467,0.4920412803918137,0.6084634013510852,2019-01-01,0.75,0.9330127018922194
2019,2,0.5853989403793836,0.04667939741141525,0.8334810326079549,0.8488002310656668,0.7213804713804741,0.9339709634122606,0.3079515504155086,0.385929648241206,0.22253804442889624,0.4148387620073928,2019-02-01,0.9330127018922193,0.75
2019,3,0.5961458749406507,0.2257585402079355,0.8334810326079549,0.8488002310656668,0.7213804713804741,0.9339402260222744,0.3515547362205289,0.4845500228414801,0.4257040405807242,0.3684545949641371,2019-03-01,1.0,0.5
2019,4,0.6062898959220433,0.49225546361128814,0.8334810326079549,0.8488002310656668,0.7213804713804741,0.9042018012110535,0.15025996284187637,0.3927820922795797,0.398023438866538,0.11097206289614259,2019-04-01,0.9330127018922194,0.2500000000000001
2019,5,0.6103897082651915,0.6333545512412477,0.8334810326079549,0.8488002310656668,0.7213804713804741,0.912967080255326,0.3151815419181079,0.5527638190954773,0.5817299282840649,0.22623144575381526,2019-05-01,0.75,0.06698729810778065
2019,6,0.6107740656723615,0.8291958412900489,0.8334810326079549,0.8488002310656668,0.7213804713804741,0.916558231985328,0.4927628073106447,0.635797167656464,0.5962043029560955,0.45548719018319606,2019-06-01,0.5000000000000001,0.0
2019,7,0.6139996533246919,0.9543814979842988,0.8334810326079549,0.8488002310656668,0.7213804713804741,0.8927008944580486,0.8861852433281003,0.9136592051164913,0.848084659786601,0.8452045746862726,2019-07-01,0.2500000000000001,0.06698729810778059
2019,8,0.613901679867962,0.9357097390197326,0.8334810326079549,0.8488002310656668,0.7213804713804741,0.9312148441102046,0.8608298647617125,0.9104613978985836,0.8616407206576873,0.8027253450133836,2019-08-01,0.06698729810778076,0.24999999999999978
2019,9,0.6154165002373975,0.823042647994908,0.8334810326079549,0.8488002310656668,0.7213804713804741,0.9187200950809933,0.6295925568533696,0.7511740520785746,0.6472800419800593,0.5881739493169258,2019-09-01,0.0,0.4999999999999999
2019,10,0.6198403786297282,0.47549331635900693,0.8334810326079549,0.8488002310656668,0.7213804713804741,0.8711130008913841,0.39755591721515704,0.6277569666514391,0.5701416827007169,0.3150600804162178,2019-10-01,0.0669872981077807,0.75
2019,11,0.6188003527044446,0.24336940377678762,0.8334810326079549,0.8488002310656668,0.7213804713804741,0.8990737799817623,0.23402416718275165,0.3999817268158976,0.3615095329718381,0.25081980510075197,2019-11-01,0.24999999999999978,0.9330127018922192
2019,12,0.6170368304833105,0.14406959473795888,0.8334810326079549,0.8488002310656668,0.7213804713804741,0.8855493283880289,0.4089481946624802,0.49428962996802195,0.3820622704215495,0.46663422208317407,2019-12-01,0.4999999999999999,1.0
2020,1,0.6245506409724997,0.1253978357733927,0.8714910466604222,0.9113817556586277,0.7213804713804741,0.8595659880534017,0.4500669710368268,0.5273823663773411,0.4045390939303828,0.5056140716793549,2020-01-01,0.75,0.9330127018922194
2020,2,0.6298788897346428,0.13876511775938893,0.8714910466604222,0.9113817556586277,0.7213804713804741,0.8726908535773203,0.2997493987009061,0.40317953403380535,0.3299370299107922,0.3628694916629007,2020-02-01,0.9330127018922193,0.75
2020,3,0.6256358854162742,0.34882240611075743,0.8714910466604222,0.9113817556586277,0.7213804713804741,0.6695269515681188,0.2654357438105801,0.4231886706258565,0.41861990554486583,0.2717002120485279,2020-03-01,1.0,0.5
2020,4,0.6126280249304767,0.4506683640992999,0.8714910466604222,0.9113817556586277,0.7213804713804741,0.0,0.0674535163394927,0.1910461397898584,0.06266398460731137,0.19642877834555805,2020-04-01,0.9330127018922194,0.2500000000000001
2020,5,0.6126657070292187,0.6634839804795247,0.8714910466604222,0.9113817556586277,0.7213804713804741,0.0704552207456901,0.15607132055362727,0.24391046139789863,0.12747070141682704,0.28822377492728934,2020-05-01,0.75,0.06698729810778065
2020,6,0.6232393039362722,0.8625079567154681,0.8714910466604222,0.9113817556586277,0.7213804713804741,0.3567893771580213,0.4826379387323032,0.5233805390589312,0.30990904320447754,0.5878379161307516,2020-06-01,0.5000000000000001,0.0
2020,7,0.6330667952882305,0.976235943136007,0.8714910466604222,0.9113817556586277,0.7213804713804741,0.5336267046444201,0.9109213198335084,0.8434170854271357,0.5859716634598562,1.0,2020-07-01,0.2500000000000001,0.06698729810778059
2020,8,0.6392240502227013,0.9562911096965838,0.8714910466604222,0.9113817556586277,0.7213804713804741,0.5783854673620148,0.834264686820388,0.7694106898127,0.6562882630750391,0.9053429276601663,2020-08-01,0.06698729810778076,0.24999999999999978
2020,9,0.6419522341716342,0.769573520050923,0.8714910466604222,0.9113817556586277,0.7213804713804741,0.576146760791385,0.5006337044344906,0.5896573777980811,0.42063145006122094,0.5448024935979885,2020-09-01,0.0,0.4999999999999999
2020,10,0.6427661675044651,0.5228092510078506,0.8714910466604222,0.9113817556586277,0.7213804713804741,0.6061054702308377,0.31572163092477656,0.5028232069438099,0.4815899947524924,0.28628868726897716,2020-10-01,0.0669872981077807,0.75
2020,11,0.6415678767644646,0.3537025249310418,0.8714910466604222,0.9113817556586277,0.7213804713804741,0.6279904919006976,0.17437673728630476,0.30965737779808133,0.34148154626552385,0.21846792041807173,2020-11-01,0.24999999999999978,0.9330127018922192
2020,12,0.6434142996028307,0.12879270103967755,0.8714910466604222,0.9113817556586277,0.7213804713804741,0.6853157242241368,0.44860513012544456,0.4477843764275926,0.3556935455658561,0.5672471929641605,2020-12-01,0.4999999999999999,1.0
2021,1,0.6517646526840959,0.10502864417568436,0.8365458263731984,0.9216008716445288,1.0,0.7267189885349543,0.49300764766033445,0.4302786660575606,0.3669756865488889,0.6474432509472661,2021-01-01,0.75,0.9330127018922194
2021,2,0.662556805763854,0.020581370676851285,0.8365458263731984,0.9216008716445288,1.0,0.5520691386358747,0.3360361787622599,0.31804476930105086,0.1262462830155675,0.5300402081088285,2021-02-01,0.9330127018922193,0.75
2021,3,0.6765971557551871,0.33694037767876095,0.8365458263731984,0.9216008716445288,1.0,0.6934969928586794,0.30468941281523176,0.4006578346276839,0.2708588420500262,0.38895261932074954,2021-03-01,1.0,0.5
2021,4,0.6930039415475289,0.47167409293443674,0.8365458263731984,0.9216008716445288,1.0,0.7013606417967031,0.1421874324888741,0.3247144814984011,0.3630837852020288,0.15160890372069846,2021-04-01,0.9330127018922194,0.2500000000000001
2021,5,0.7091394162289264,0.6516019520475282,0.8365458263731984,0.9216008716445288,1.0,0.7455302712062384,0.26663834199876146,0.4341708542713567,0.5398373272695469,0.2358373599378918,2021-05-01,0.75,0.06698729810778065
2021,6,0.7279880020197607,0.9113091449183113,0.8365458263731984,0.9216008716445288,1.0,0.7639112304177216,0.614844526377947,0.6962448606669711,0.6709812838901521,0.5949641371478893,2021-06-01,0.5000000000000001,0.0
2021,7,0.7378381026309642,0.9713558243157225,0.8365458263731984,0.9216008716445288,1.0,0.7953402116781589,0.8707242953638759,0.8571037003197808,0.8612034283715233,0.8538487387168168,2021-07-01,0.2500000000000001,0.06698729810778059
2021,8,0.742088643369081,0.9408020369191599,0.8365458263731984,0.9216008716445288,1.0,0.7954631612381027,0.9217879106476745,0.9165829145728641,0.8841175441665206,0.8920522357794232,2021-08-01,0.06698729810778076,0.24999999999999978
2021,9,0.7476882032421677,0.8096753660089115,0.8365458263731984,0.9216008716445288,1.0,0.7409504000983604,0.6006509872827042,0.695075376884422,0.6322809165646315,0.5828901171481211,2021-09-01,0.0,0.4999999999999999
2021,10,0.7648637038488495,0.579885423297263,0.8365458263731984,0.9216008716445288,1.0,0.8046331492505203,0.3535278613915571,0.5718592964824123,0.6121217421724681,0.26865273867046735,2021-10-01,0.0669872981077807,0.75
2021,11,0.7751056982869717,0.327392319117335,0.8365458263731984,0.9216008716445288,1.0,0.8503601397526674,0.24556046836518663,0.41215166742804943,0.4891988805317471,0.22924415707813361,2021-11-01,0.24999999999999978,0.9330127018922192
2021,12,0.7815418007521351,0.20581370676851274,0.8365458263731984,0.9216008716445288,1.0,0.8344228030450509,0.3914061037258938,0.4671539515760621,0.494009095679552,0.4274458001645405,2021-12-01,0.4999999999999999,1.0
2022,1,0.7992222414819619,0.03246339910884788,0.9576733849939345,0.9455302623301982,1.0,0.8414258050634729,0.6165800123860412,0.5966925536774785,0.5520377820535245,0.6917301074147462,2022-01-01,0.75,0.9330127018922194
2022,2,0.8185757673959411,0.0852959898154041,0.9576733849939345,0.9455302623301982,1.0,0.8749244372496179,0.380431495110394,0.4040566468707172,0.24204128039181372,0.5160426878019955,2022-02-01,0.9330127018922193,0.75
2022,3,0.8471237254030104,0.30681094844048384,0.9576733849939345,0.9455302623301982,1.0,0.9159793444739295,0.3691760402114268,0.5052900867976244,0.538787825782753,0.35494374340969403,2022-03-01,1.0,0.5
2022,4,0.8592196790992479,0.44621260343730107,0.9576733849939345,0.9455302623301982,1.0,0.9322343008780649,0.22971065631616105,0.4315212425765189,0.48382018541192906,0.19263971448766526,2022-04-01,0.9330127018922194,0.2500000000000001
2022,5,0.8832382488375075,0.68512624655209,0.9576733849939345,0.9455302623301982,1.0,0.9312916875851682,0.4080408451312778,0.585765189584285,0.6442189959769107,0.33909224690328044,2022-05-01,0.75,0.06698729810778065
2022,6,0.913496974127471,0.8735412688308934,0.9576733849939345,0.9455302623301982,1.0,0.9266503416973189,0.6774300404706695,0.7421836455002286,0.7590519503235962,0.6431327562832412,2022-06-01,0.5000000000000001,0.0
2022,7,0.9132331994362759,0.9925737322300021,0.9576733849939345,0.9455302623301982,1.0,0.9495240827450546,0.9806576123745192,0.9684970306075833,0.833566555885954,0.9671962086186718,2022-07-01,0.2500000000000001,0.06698729810778059
2022,8,0.9124418753626902,0.9541693189051561,0.9576733849939345,0.9455302623301982,1.0,0.9547289474493086,0.9836245013178171,1.0,0.9526412454084312,0.9207772795216742,2022-08-01,0.06698729810778076,0.24999999999999978
2022,9,0.9172425747424429,0.8147676639083388,0.9576733849939345,0.9455302623301982,1.0,0.9697851456439999,0.6301758529805712,0.7902055733211513,0.6643344411404581,0.5612217703155236,2022-09-01,0.0,0.4999999999999999
2022,10,0.9263164241195576,0.5423297262889879,0.9576733849939345,0.9455302623301982,1.0,0.9637964774951078,0.31801880949980554,0.5646413887619919,0.5972975336715058,0.2199858634314782,2022-10-01,0.0669872981077807,0.75
2022,11,0.9240479617752793,0.24018671758964572,0.9576733849939345,0.9455302623301982,1.0,0.9463427628815282,0.2824593493007648,0.47340338053905895,0.4522914115794996,0.25891936362266965,2022-11-01,0.24999999999999978,0.9330127018922192
2022,12,0.9171596741252102,0.07383831954169318,0.9576733849939345,0.9455302623301982,1.0,0.8650987182508381,0.5382311004853599,0.6026130653266333,0.45889452510057716,0.5862620363611082,2022-12-01,0.4999999999999999,1.0
2023,1,0.935043598188245,0.11648631444939539,1.0,1.0,1.0,0.9195551275089393,0.497241945472614,0.5398264047510279,0.33264824208500965,0.5938749261306357,2023-01-01,0.75,0.9330127018922194
2023,2,0.94762941916813,0.14406959473795888,1.0,1.0,1.0,0.9205438468868143,0.27039016029841734,0.37428962996802206,0.2053524575826482,0.3677361791867997,2023-02-01,0.9330127018922193,0.75
2023,3,0.9551356932375707,0.23297262889879056,1.0,1.0,1.0,0.9252620362496291,0.38038108680310523,0.5321151210598445,0.5714535595592092,0.34744672715264024,2023-03-01,1.0,0.5
2023,4,0.9666438061934297,0.46106513897729684,1.0,1.0,1.0,0.9504666960379504,0.19687324471072842,0.37651895842850625,0.4550900822109498,0.18232697187749847,2023-04-01,0.9330127018922194,0.2500000000000001
2023,5,0.9724016308812335,0.6950986632718015,1.0,1.0,1.0,0.9388274710300104,0.3223323203663966,0.5382000913659204,0.6575126814762986,0.22794637373842708,2023-05-01,0.75,0.06698729810778065
2023,6,0.9798023950741968,0.8353490345851902,1.0,1.0,1.0,0.9068708312414833,0.5389224144138953,0.6720146185472817,0.7281353856917963,0.47231202419438945,2023-06-01,0.5000000000000001,0.0
2023,7,0.9841885913677846,0.976235943136007,1.0,1.0,1.0,0.9524543805903631,0.9606239108205032,0.9540429419826406,0.9273657512681472,0.9186220321896619,2023-07-01,0.2500000000000001,0.06698729810778059
2023,8,0.9942497117319449,0.9490770210057289,1.0,1.0,1.0,0.948566100757164,0.9999999999999998,0.9888716308816812,1.0,0.94117101771706,2023-08-01,0.06698729810778076,0.24999999999999978
2023,9,1.0,0.8086144706131977,1.0,1.0,1.0,0.9579563733978134,0.6703944810104707,0.7804842393787119,0.74938779079937,0.60848657605358,2023-09-01,0.0,0.4999999999999999
2023,10,0.9991107024696846,0.5607893061744111,1.0,1.0,1.0,0.919678077068883,0.39491308167586037,0.6291091822750112,0.7349134161273394,0.2660455846398073,2023-10-01,0.0669872981077807,0.75
2023,11,0.9944381222256555,0.3108423509441969,1.0,1.0,1.0,0.9424903433366465,0.29130960782336923,0.4769301050708086,0.52921112471576,0.25053012131956764,2023-11-01,0.24999999999999978,0.9330127018922192
2023,12,0.9921395142023828,0.21578612348822412,1.0,1.0,1.0,0.9269423469021829,0.4171287428168162,0.5110461397898585,0.48403883155501104,0.4431582484559855,2023-12-01,0.4999999999999999,1.0
